-- MySQL dump 10.13  Distrib 5.5.55, for debian-linux-gnu (i686)
--
-- Host: localhost    Database: portal_storage
-- ------------------------------------------------------
-- Server version	5.5.55-0ubuntu0.14.04.1

/*!40101 SET @OLD_CHARACTER_SET_CLIENT=@@CHARACTER_SET_CLIENT */;
/*!40101 SET @OLD_CHARACTER_SET_RESULTS=@@CHARACTER_SET_RESULTS */;
/*!40101 SET @OLD_COLLATION_CONNECTION=@@COLLATION_CONNECTION */;
/*!40101 SET NAMES utf8 */;
/*!40103 SET @OLD_TIME_ZONE=@@TIME_ZONE */;
/*!40103 SET TIME_ZONE='+00:00' */;
/*!40014 SET @OLD_UNIQUE_CHECKS=@@UNIQUE_CHECKS, UNIQUE_CHECKS=0 */;
/*!40014 SET @OLD_FOREIGN_KEY_CHECKS=@@FOREIGN_KEY_CHECKS, FOREIGN_KEY_CHECKS=0 */;
/*!40101 SET @OLD_SQL_MODE=@@SQL_MODE, SQL_MODE='NO_AUTO_VALUE_ON_ZERO' */;
/*!40111 SET @OLD_SQL_NOTES=@@SQL_NOTES, SQL_NOTES=0 */;

--
-- Table structure for table `auth_group`
--

DROP TABLE IF EXISTS `auth_group`;
/*!40101 SET @saved_cs_client     = @@character_set_client */;
/*!40101 SET character_set_client = utf8 */;
CREATE TABLE `auth_group` (
  `id` int(11) NOT NULL AUTO_INCREMENT,
  `name` varchar(80) NOT NULL,
  PRIMARY KEY (`id`),
  UNIQUE KEY `name` (`name`)
) ENGINE=InnoDB DEFAULT CHARSET=latin1;
/*!40101 SET character_set_client = @saved_cs_client */;

--
-- Dumping data for table `auth_group`
--

LOCK TABLES `auth_group` WRITE;
/*!40000 ALTER TABLE `auth_group` DISABLE KEYS */;
/*!40000 ALTER TABLE `auth_group` ENABLE KEYS */;
UNLOCK TABLES;

--
-- Table structure for table `auth_group_permissions`
--

DROP TABLE IF EXISTS `auth_group_permissions`;
/*!40101 SET @saved_cs_client     = @@character_set_client */;
/*!40101 SET character_set_client = utf8 */;
CREATE TABLE `auth_group_permissions` (
  `id` int(11) NOT NULL AUTO_INCREMENT,
  `group_id` int(11) NOT NULL,
  `permission_id` int(11) NOT NULL,
  PRIMARY KEY (`id`),
  UNIQUE KEY `group_id` (`group_id`,`permission_id`),
  KEY `auth_group__permission_id_1f49ccbbdc69d2fc_fk_auth_permission_id` (`permission_id`),
  CONSTRAINT `auth_group_permission_group_id_689710a9a73b7457_fk_auth_group_id` FOREIGN KEY (`group_id`) REFERENCES `auth_group` (`id`),
  CONSTRAINT `auth_group__permission_id_1f49ccbbdc69d2fc_fk_auth_permission_id` FOREIGN KEY (`permission_id`) REFERENCES `auth_permission` (`id`)
) ENGINE=InnoDB DEFAULT CHARSET=latin1;
/*!40101 SET character_set_client = @saved_cs_client */;

--
-- Dumping data for table `auth_group_permissions`
--

LOCK TABLES `auth_group_permissions` WRITE;
/*!40000 ALTER TABLE `auth_group_permissions` DISABLE KEYS */;
/*!40000 ALTER TABLE `auth_group_permissions` ENABLE KEYS */;
UNLOCK TABLES;

--
-- Table structure for table `auth_permission`
--

DROP TABLE IF EXISTS `auth_permission`;
/*!40101 SET @saved_cs_client     = @@character_set_client */;
/*!40101 SET character_set_client = utf8 */;
CREATE TABLE `auth_permission` (
  `id` int(11) NOT NULL AUTO_INCREMENT,
  `name` varchar(255) NOT NULL,
  `content_type_id` int(11) NOT NULL,
  `codename` varchar(100) NOT NULL,
  PRIMARY KEY (`id`),
  UNIQUE KEY `content_type_id` (`content_type_id`,`codename`),
  CONSTRAINT `auth__content_type_id_508cf46651277a81_fk_django_content_type_id` FOREIGN KEY (`content_type_id`) REFERENCES `django_content_type` (`id`)
) ENGINE=InnoDB AUTO_INCREMENT=64 DEFAULT CHARSET=latin1;
/*!40101 SET character_set_client = @saved_cs_client */;

--
-- Dumping data for table `auth_permission`
--

LOCK TABLES `auth_permission` WRITE;
/*!40000 ALTER TABLE `auth_permission` DISABLE KEYS */;
INSERT INTO `auth_permission` VALUES (1,'Can add log entry',1,'add_logentry'),(2,'Can change log entry',1,'change_logentry'),(3,'Can delete log entry',1,'delete_logentry'),(4,'Can add permission',2,'add_permission'),(5,'Can change permission',2,'change_permission'),(6,'Can delete permission',2,'delete_permission'),(7,'Can add group',3,'add_group'),(8,'Can change group',3,'change_group'),(9,'Can delete group',3,'delete_group'),(10,'Can add user',4,'add_user'),(11,'Can change user',4,'change_user'),(12,'Can delete user',4,'delete_user'),(13,'Can add content type',5,'add_contenttype'),(14,'Can change content type',5,'change_contenttype'),(15,'Can delete content type',5,'delete_contenttype'),(16,'Can add session',6,'add_session'),(17,'Can change session',6,'change_session'),(18,'Can delete session',6,'delete_session'),(19,'Can add roles',7,'add_roles'),(20,'Can change roles',7,'change_roles'),(21,'Can delete roles',7,'delete_roles'),(22,'Can add department',8,'add_department'),(23,'Can change department',8,'change_department'),(24,'Can delete department',8,'delete_department'),(25,'Can add personinformation',9,'add_personinformation'),(26,'Can change personinformation',9,'change_personinformation'),(27,'Can delete personinformation',9,'delete_personinformation'),(28,'Can add for login',10,'add_forlogin'),(29,'Can change for login',10,'change_forlogin'),(30,'Can delete for login',10,'delete_forlogin'),(31,'Can add company_table',11,'add_company_table'),(32,'Can change company_table',11,'change_company_table'),(33,'Can delete company_table',11,'delete_company_table'),(34,'Can add company_ department_ relation',12,'add_company_department_relation'),(35,'Can change company_ department_ relation',12,'change_company_department_relation'),(36,'Can delete company_ department_ relation',12,'delete_company_department_relation'),(37,'Can add session',13,'add_session'),(38,'Can change session',13,'change_session'),(39,'Can delete session',13,'delete_session'),(40,'Can add profile_type',14,'add_profile_type'),(41,'Can change profile_type',14,'change_profile_type'),(42,'Can delete profile_type',14,'delete_profile_type'),(43,'Can add difficulty_type',15,'add_difficulty_type'),(44,'Can change difficulty_type',15,'change_difficulty_type'),(45,'Can delete difficulty_type',15,'delete_difficulty_type'),(46,'Can add interview round_type',16,'add_interviewround_type'),(47,'Can change interview round_type',16,'change_interviewround_type'),(48,'Can delete interview round_type',16,'delete_interviewround_type'),(49,'Can add interview round_details',17,'add_interviewround_details'),(50,'Can change interview round_details',17,'change_interviewround_details'),(51,'Can delete interview round_details',17,'delete_interviewround_details'),(52,'Can add experience_placement',18,'add_experience_placement'),(53,'Can change experience_placement',18,'change_experience_placement'),(54,'Can delete experience_placement',18,'delete_experience_placement'),(55,'Can add experience_internship',19,'add_experience_internship'),(56,'Can change experience_internship',19,'change_experience_internship'),(57,'Can delete experience_internship',19,'delete_experience_internship'),(58,'Can add requests',20,'add_requests'),(59,'Can change requests',20,'change_requests'),(60,'Can delete requests',20,'delete_requests'),(61,'Can add forgot pass keys',21,'add_forgotpasskeys'),(62,'Can change forgot pass keys',21,'change_forgotpasskeys'),(63,'Can delete forgot pass keys',21,'delete_forgotpasskeys');
/*!40000 ALTER TABLE `auth_permission` ENABLE KEYS */;
UNLOCK TABLES;

--
-- Table structure for table `auth_user`
--

DROP TABLE IF EXISTS `auth_user`;
/*!40101 SET @saved_cs_client     = @@character_set_client */;
/*!40101 SET character_set_client = utf8 */;
CREATE TABLE `auth_user` (
  `id` int(11) NOT NULL AUTO_INCREMENT,
  `password` varchar(128) NOT NULL,
  `last_login` datetime DEFAULT NULL,
  `is_superuser` tinyint(1) NOT NULL,
  `username` varchar(30) NOT NULL,
  `first_name` varchar(30) NOT NULL,
  `last_name` varchar(30) NOT NULL,
  `email` varchar(254) NOT NULL,
  `is_staff` tinyint(1) NOT NULL,
  `is_active` tinyint(1) NOT NULL,
  `date_joined` datetime NOT NULL,
  PRIMARY KEY (`id`),
  UNIQUE KEY `username` (`username`)
) ENGINE=InnoDB AUTO_INCREMENT=2 DEFAULT CHARSET=latin1;
/*!40101 SET character_set_client = @saved_cs_client */;

--
-- Dumping data for table `auth_user`
--

LOCK TABLES `auth_user` WRITE;
/*!40000 ALTER TABLE `auth_user` DISABLE KEYS */;
INSERT INTO `auth_user` VALUES (1,'pbkdf2_sha256$20000$gaulHWP98oD7$s59YKx0K+slkszltQkeLsPNQP/FDJId0L7DxslbxFvQ=','2017-07-10 07:48:50',1,'portaladmin','','','',1,1,'2017-02-18 05:49:40');
/*!40000 ALTER TABLE `auth_user` ENABLE KEYS */;
UNLOCK TABLES;

--
-- Table structure for table `auth_user_groups`
--

DROP TABLE IF EXISTS `auth_user_groups`;
/*!40101 SET @saved_cs_client     = @@character_set_client */;
/*!40101 SET character_set_client = utf8 */;
CREATE TABLE `auth_user_groups` (
  `id` int(11) NOT NULL AUTO_INCREMENT,
  `user_id` int(11) NOT NULL,
  `group_id` int(11) NOT NULL,
  PRIMARY KEY (`id`),
  UNIQUE KEY `user_id` (`user_id`,`group_id`),
  KEY `auth_user_groups_group_id_33ac548dcf5f8e37_fk_auth_group_id` (`group_id`),
  CONSTRAINT `auth_user_groups_group_id_33ac548dcf5f8e37_fk_auth_group_id` FOREIGN KEY (`group_id`) REFERENCES `auth_group` (`id`),
  CONSTRAINT `auth_user_groups_user_id_4b5ed4ffdb8fd9b0_fk_auth_user_id` FOREIGN KEY (`user_id`) REFERENCES `auth_user` (`id`)
) ENGINE=InnoDB DEFAULT CHARSET=latin1;
/*!40101 SET character_set_client = @saved_cs_client */;

--
-- Dumping data for table `auth_user_groups`
--

LOCK TABLES `auth_user_groups` WRITE;
/*!40000 ALTER TABLE `auth_user_groups` DISABLE KEYS */;
/*!40000 ALTER TABLE `auth_user_groups` ENABLE KEYS */;
UNLOCK TABLES;

--
-- Table structure for table `auth_user_user_permissions`
--

DROP TABLE IF EXISTS `auth_user_user_permissions`;
/*!40101 SET @saved_cs_client     = @@character_set_client */;
/*!40101 SET character_set_client = utf8 */;
CREATE TABLE `auth_user_user_permissions` (
  `id` int(11) NOT NULL AUTO_INCREMENT,
  `user_id` int(11) NOT NULL,
  `permission_id` int(11) NOT NULL,
  PRIMARY KEY (`id`),
  UNIQUE KEY `user_id` (`user_id`,`permission_id`),
  KEY `auth_user_u_permission_id_384b62483d7071f0_fk_auth_permission_id` (`permission_id`),
  CONSTRAINT `auth_user_user_permissi_user_id_7f0938558328534a_fk_auth_user_id` FOREIGN KEY (`user_id`) REFERENCES `auth_user` (`id`),
  CONSTRAINT `auth_user_u_permission_id_384b62483d7071f0_fk_auth_permission_id` FOREIGN KEY (`permission_id`) REFERENCES `auth_permission` (`id`)
) ENGINE=InnoDB DEFAULT CHARSET=latin1;
/*!40101 SET character_set_client = @saved_cs_client */;

--
-- Dumping data for table `auth_user_user_permissions`
--

LOCK TABLES `auth_user_user_permissions` WRITE;
/*!40000 ALTER TABLE `auth_user_user_permissions` DISABLE KEYS */;
/*!40000 ALTER TABLE `auth_user_user_permissions` ENABLE KEYS */;
UNLOCK TABLES;

--
-- Table structure for table `django_admin_log`
--

DROP TABLE IF EXISTS `django_admin_log`;
/*!40101 SET @saved_cs_client     = @@character_set_client */;
/*!40101 SET character_set_client = utf8 */;
CREATE TABLE `django_admin_log` (
  `id` int(11) NOT NULL AUTO_INCREMENT,
  `action_time` datetime NOT NULL,
  `object_id` longtext,
  `object_repr` varchar(200) NOT NULL,
  `action_flag` smallint(5) unsigned NOT NULL,
  `change_message` longtext NOT NULL,
  `content_type_id` int(11) DEFAULT NULL,
  `user_id` int(11) NOT NULL,
  PRIMARY KEY (`id`),
  KEY `djang_content_type_id_697914295151027a_fk_django_content_type_id` (`content_type_id`),
  KEY `django_admin_log_user_id_52fdd58701c5f563_fk_auth_user_id` (`user_id`),
  CONSTRAINT `django_admin_log_user_id_52fdd58701c5f563_fk_auth_user_id` FOREIGN KEY (`user_id`) REFERENCES `auth_user` (`id`),
  CONSTRAINT `djang_content_type_id_697914295151027a_fk_django_content_type_id` FOREIGN KEY (`content_type_id`) REFERENCES `django_content_type` (`id`)
) ENGINE=InnoDB AUTO_INCREMENT=206 DEFAULT CHARSET=latin1;
/*!40101 SET character_set_client = @saved_cs_client */;

--
-- Dumping data for table `django_admin_log`
--

LOCK TABLES `django_admin_log` WRITE;
/*!40000 ALTER TABLE `django_admin_log` DISABLE KEYS */;
INSERT INTO `django_admin_log` VALUES (1,'2017-02-18 06:10:30','1','Department object',1,'',8,1),(2,'2017-02-18 06:11:47','1','Roles object',1,'',7,1),(3,'2017-02-18 07:03:54','1','InterviewRound_type object',3,'',16,1),(4,'2017-02-18 07:19:12','1','Difficulty_type object',1,'',15,1),(5,'2017-02-18 07:19:26','2','Difficulty_type object',1,'',15,1),(6,'2017-02-18 07:19:36','3','Difficulty_type object',1,'',15,1),(7,'2017-02-18 08:35:56','1','ForLogin object',3,'',10,1),(8,'2017-02-18 08:36:08','15616','Personinformation object',3,'',9,1),(9,'2017-02-18 09:32:24','15616','Personinformation object',3,'',9,1),(10,'2017-02-18 09:32:24','15567','Personinformation object',3,'',9,1),(11,'2017-02-18 09:33:32','15616','Personinformation object',3,'',9,1),(12,'2017-02-18 09:33:33','15567','Personinformation object',3,'',9,1),(13,'2017-02-18 10:05:39','5','ForLogin object',3,'',10,1),(14,'2017-02-18 10:05:39','4','ForLogin object',3,'',10,1),(15,'2017-02-24 06:09:37','90','company_table object',3,'',11,1),(16,'2017-02-24 06:09:37','89','company_table object',3,'',11,1),(17,'2017-02-24 06:09:37','88','company_table object',3,'',11,1),(18,'2017-02-24 06:09:37','87','company_table object',3,'',11,1),(19,'2017-02-24 06:09:37','86','company_table object',3,'',11,1),(20,'2017-02-24 06:09:38','85','company_table object',3,'',11,1),(21,'2017-02-24 06:09:38','84','company_table object',3,'',11,1),(22,'2017-02-24 06:09:38','83','company_table object',3,'',11,1),(23,'2017-02-24 06:09:38','82','company_table object',3,'',11,1),(24,'2017-02-24 06:09:38','81','company_table object',3,'',11,1),(25,'2017-02-24 06:09:38','80','company_table object',3,'',11,1),(26,'2017-02-24 06:09:38','79','company_table object',3,'',11,1),(27,'2017-02-24 06:09:38','78','company_table object',3,'',11,1),(28,'2017-02-24 06:09:38','77','company_table object',3,'',11,1),(29,'2017-02-24 06:09:38','76','company_table object',3,'',11,1),(30,'2017-02-24 06:09:38','75','company_table object',3,'',11,1),(31,'2017-02-24 06:09:38','74','company_table object',3,'',11,1),(32,'2017-02-24 06:09:38','73','company_table object',3,'',11,1),(33,'2017-02-24 06:09:38','72','company_table object',3,'',11,1),(34,'2017-02-24 06:09:38','71','company_table object',3,'',11,1),(35,'2017-02-24 06:09:38','70','company_table object',3,'',11,1),(36,'2017-02-24 06:09:38','69','company_table object',3,'',11,1),(37,'2017-02-24 06:09:38','68','company_table object',3,'',11,1),(38,'2017-02-24 06:09:38','67','company_table object',3,'',11,1),(39,'2017-02-24 06:09:38','66','company_table object',3,'',11,1),(40,'2017-02-24 06:09:38','65','company_table object',3,'',11,1),(41,'2017-02-24 06:09:38','64','company_table object',3,'',11,1),(42,'2017-02-24 06:09:38','63','company_table object',3,'',11,1),(43,'2017-02-24 06:09:39','62','company_table object',3,'',11,1),(44,'2017-02-24 06:09:39','61','company_table object',3,'',11,1),(45,'2017-02-24 06:09:39','60','company_table object',3,'',11,1),(46,'2017-02-24 06:09:39','59','company_table object',3,'',11,1),(47,'2017-02-24 06:09:39','58','company_table object',3,'',11,1),(48,'2017-02-24 06:09:39','57','company_table object',3,'',11,1),(49,'2017-02-24 06:09:39','56','company_table object',3,'',11,1),(50,'2017-02-24 06:09:39','55','company_table object',3,'',11,1),(51,'2017-02-24 06:09:39','54','company_table object',3,'',11,1),(52,'2017-02-24 06:09:39','53','company_table object',3,'',11,1),(53,'2017-02-24 06:09:39','52','company_table object',3,'',11,1),(54,'2017-02-24 06:09:39','51','company_table object',3,'',11,1),(55,'2017-02-24 06:09:39','50','company_table object',3,'',11,1),(56,'2017-02-24 06:09:39','49','company_table object',3,'',11,1),(57,'2017-02-24 06:09:39','48','company_table object',3,'',11,1),(58,'2017-02-24 06:09:39','47','company_table object',3,'',11,1),(59,'2017-02-24 06:09:39','46','company_table object',3,'',11,1),(60,'2017-02-24 06:09:39','45','company_table object',3,'',11,1),(61,'2017-02-24 06:09:39','44','company_table object',3,'',11,1),(62,'2017-02-24 06:09:39','43','company_table object',3,'',11,1),(63,'2017-02-24 06:09:39','42','company_table object',3,'',11,1),(64,'2017-02-24 06:09:39','41','company_table object',3,'',11,1),(65,'2017-02-24 06:09:39','40','company_table object',3,'',11,1),(66,'2017-02-24 06:09:39','39','company_table object',3,'',11,1),(67,'2017-02-24 06:09:39','38','company_table object',3,'',11,1),(68,'2017-02-24 06:09:40','37','company_table object',3,'',11,1),(69,'2017-02-24 06:09:40','36','company_table object',3,'',11,1),(70,'2017-02-24 06:09:40','35','company_table object',3,'',11,1),(71,'2017-02-24 06:09:40','34','company_table object',3,'',11,1),(72,'2017-02-24 06:09:40','33','company_table object',3,'',11,1),(73,'2017-02-24 06:09:40','32','company_table object',3,'',11,1),(74,'2017-02-24 06:09:40','31','company_table object',3,'',11,1),(75,'2017-02-24 06:09:40','30','company_table object',3,'',11,1),(76,'2017-02-24 06:09:40','29','company_table object',3,'',11,1),(77,'2017-02-24 06:09:40','28','company_table object',3,'',11,1),(78,'2017-02-24 06:09:40','27','company_table object',3,'',11,1),(79,'2017-02-24 06:09:40','26','company_table object',3,'',11,1),(80,'2017-02-24 06:09:40','25','company_table object',3,'',11,1),(81,'2017-02-24 06:09:40','24','company_table object',3,'',11,1),(82,'2017-02-24 06:09:40','23','company_table object',3,'',11,1),(83,'2017-02-24 06:09:40','22','company_table object',3,'',11,1),(84,'2017-02-24 06:09:40','21','company_table object',3,'',11,1),(85,'2017-02-24 06:09:40','20','company_table object',3,'',11,1),(86,'2017-02-24 06:09:40','19','company_table object',3,'',11,1),(87,'2017-02-24 06:09:40','18','company_table object',3,'',11,1),(88,'2017-02-24 06:09:40','17','company_table object',3,'',11,1),(89,'2017-02-24 06:09:40','16','company_table object',3,'',11,1),(90,'2017-02-24 06:09:40','15','company_table object',3,'',11,1),(91,'2017-02-24 06:09:40','14','company_table object',3,'',11,1),(92,'2017-02-24 06:09:41','13','company_table object',3,'',11,1),(93,'2017-02-24 06:09:41','12','company_table object',3,'',11,1),(94,'2017-02-24 06:09:41','11','company_table object',3,'',11,1),(95,'2017-02-24 06:09:41','10','company_table object',3,'',11,1),(96,'2017-02-24 06:09:41','9','company_table object',3,'',11,1),(97,'2017-02-24 06:09:41','8','company_table object',3,'',11,1),(98,'2017-02-24 06:09:41','7','company_table object',3,'',11,1),(99,'2017-02-24 06:09:41','6','company_table object',3,'',11,1),(100,'2017-02-24 06:09:41','5','company_table object',3,'',11,1),(101,'2017-02-24 06:09:41','4','company_table object',3,'',11,1),(102,'2017-02-24 06:09:41','3','company_table object',3,'',11,1),(103,'2017-02-24 06:09:41','2','company_table object',3,'',11,1),(104,'2017-02-24 06:09:41','1','company_table object',3,'',11,1),(105,'2017-02-24 06:26:26','8','ForLogin object',3,'',10,1),(106,'2017-02-24 06:26:26','7','ForLogin object',3,'',10,1),(107,'2017-02-24 06:26:26','6','ForLogin object',3,'',10,1),(108,'2017-02-24 06:26:38','15617','Personinformation object',3,'',9,1),(109,'2017-02-24 06:26:38','15616','Personinformation object',3,'',9,1),(110,'2017-02-24 06:26:38','15567','Personinformation object',3,'',9,1),(111,'2017-02-24 06:40:05','15616','Personinformation object',3,'',9,1),(112,'2017-02-24 06:40:05','15567','Personinformation object',3,'',9,1),(113,'2017-02-25 03:28:37','2','Roles object',1,'',7,1),(114,'2017-02-25 03:29:13','15616','Personinformation object',2,'Changed roleid and telephone2.',9,1),(115,'2017-02-25 05:00:10','3','Roles object',1,'',7,1),(116,'2017-02-25 05:01:01','15616','Personinformation object',2,'Changed roleid.',9,1),(117,'2017-02-25 05:02:04','15616','Personinformation object',2,'Changed roleid.',9,1),(118,'2017-02-26 04:26:14','1','experience_placement object',3,'',18,1),(119,'2017-02-26 04:30:49','15616','Personinformation object',3,'',9,1),(120,'2017-02-26 04:30:49','15567','Personinformation object',3,'',9,1),(121,'2017-02-26 04:33:33','15616','Personinformation object',3,'',9,1),(122,'2017-02-26 04:34:38','15616','Personinformation object',3,'',9,1),(123,'2017-02-26 04:43:23','15616','Personinformation object',3,'',9,1),(124,'2017-02-26 04:43:23','15567','Personinformation object',3,'',9,1),(125,'2017-02-26 04:46:21','15616','Personinformation object',3,'',9,1),(126,'2017-02-26 04:47:40','15616','Personinformation object',3,'',9,1),(127,'2017-02-26 04:51:22','15616','Personinformation object',3,'',9,1),(128,'2017-02-26 04:51:36','15616','Personinformation object',3,'',9,1),(129,'2017-02-26 04:58:19','15616','Personinformation object',3,'',9,1),(130,'2017-02-26 05:06:06','15616','Personinformation object',3,'',9,1),(131,'2017-02-26 05:06:06','15567','Personinformation object',3,'',9,1),(132,'2017-02-26 05:07:45','15616','Personinformation object',3,'',9,1),(133,'2017-02-26 05:07:45','15567','Personinformation object',3,'',9,1),(134,'2017-02-26 06:42:56','15616','Personinformation object',3,'',9,1),(135,'2017-02-26 06:42:56','15567','Personinformation object',3,'',9,1),(136,'2017-02-26 06:46:29','15616','Personinformation object',2,'Changed roleid and telephone2.',9,1),(137,'2017-02-28 12:14:28','1','experience_internship object',3,'',19,1),(138,'2017-02-28 12:14:37','4','experience_placement object',3,'',18,1),(139,'2017-02-28 12:14:37','3','experience_placement object',3,'',18,1),(140,'2017-02-28 12:14:37','2','experience_placement object',3,'',18,1),(141,'2017-02-28 12:14:58','40','ForLogin object',3,'',10,1),(142,'2017-02-28 12:14:58','39','ForLogin object',3,'',10,1),(143,'2017-02-28 12:15:16','15616','Personinformation object',3,'',9,1),(144,'2017-02-28 12:15:16','15567','Personinformation object',3,'',9,1),(145,'2017-02-28 12:15:29','9','InterviewRound_type object',3,'',16,1),(146,'2017-02-28 12:15:29','8','InterviewRound_type object',3,'',16,1),(147,'2017-02-28 12:15:29','7','InterviewRound_type object',3,'',16,1),(148,'2017-02-28 12:15:29','6','InterviewRound_type object',3,'',16,1),(149,'2017-02-28 12:15:29','5','InterviewRound_type object',3,'',16,1),(150,'2017-02-28 12:15:29','4','InterviewRound_type object',3,'',16,1),(151,'2017-02-28 12:15:29','3','InterviewRound_type object',3,'',16,1),(152,'2017-02-28 12:15:29','2','InterviewRound_type object',3,'',16,1),(153,'2017-02-28 12:44:41','10','InterviewRound_type object',1,'',16,1),(154,'2017-02-28 12:44:49','11','InterviewRound_type object',1,'',16,1),(155,'2017-02-28 12:44:50','11','InterviewRound_type object',2,'No fields changed.',16,1),(156,'2017-02-28 12:45:03','12','InterviewRound_type object',1,'',16,1),(157,'2017-02-28 12:45:16','13','InterviewRound_type object',1,'',16,1),(158,'2017-02-28 12:45:27','14','InterviewRound_type object',1,'',16,1),(159,'2017-02-28 12:45:37','15','InterviewRound_type object',1,'',16,1),(160,'2017-02-28 12:46:18','16','InterviewRound_type object',1,'',16,1),(161,'2017-02-28 12:46:30','17','InterviewRound_type object',1,'',16,1),(162,'2017-02-28 13:06:09','2','Company_Department_Relation object',2,'Changed session.',12,1),(163,'2017-03-01 17:25:14','15','InterviewRound_type object',2,'Changed display_name and description.',16,1),(164,'2017-03-01 17:27:05','9','InterviewRound_details object',2,'Changed round_type.',17,1),(165,'2017-03-01 17:46:07','3','Company_Department_Relation object',2,'Changed job_valid.',12,1),(166,'2017-03-01 17:46:28','2','Company_Department_Relation object',2,'Changed job_valid.',12,1),(167,'2017-03-01 17:47:09','98','company_table object',2,'Changed job_exp_count.',11,1),(168,'2017-03-01 17:47:55','1','Company_Department_Relation object',3,'',12,1),(169,'2017-03-01 18:37:05','4','Company_Department_Relation object',2,'Changed job_valid.',12,1),(170,'2017-03-01 19:14:49','5','Company_Department_Relation object',2,'Changed job_valid.',12,1),(171,'2017-03-02 06:55:25','6','Company_Department_Relation object',2,'No fields changed.',12,1),(172,'2017-03-04 11:52:35','12','Company_Department_Relation object',2,'Changed session.',12,1),(173,'2017-03-04 17:34:39','2','Department object',1,'',8,1),(174,'2017-06-29 10:12:18','19029','Personinformation object',2,'Changed roleid.',9,1),(175,'2017-06-30 17:48:03','9','Profile_type object',1,'',14,1),(176,'2017-07-07 10:39:46','25','Ashok Leyland-Dhiraj Gandhi (I)',3,'',20,1),(177,'2017-07-07 10:39:46','24','CarWale.com-Soniaa Godhwani (I)',3,'',20,1),(178,'2017-07-07 10:39:46','23','Adyant Eduction Pvt. Ltd. (Aakash Institue)-Soniaa Godhwani (I)',3,'',20,1),(179,'2017-07-07 10:39:46','22','New Company-Soniaa Godhwani (P)',3,'',20,1),(180,'2017-07-07 10:39:46','21','New Company-Soniaa Godhwani (P)',3,'',20,1),(181,'2017-07-07 10:39:46','20','New Company-Soniaa Godhwani (P)',3,'',20,1),(182,'2017-07-07 10:39:46','19','New Company-Dhiraj Gandhi (P)',3,'',20,1),(183,'2017-07-07 10:39:46','18','New Company-Dhiraj Gandhi (P)',3,'',20,1),(184,'2017-07-07 10:39:46','17','New Company-Dhiraj Gandhi (P)',3,'',20,1),(185,'2017-07-07 10:40:11','24','Ashok Leyland-Dhiraj Gandhi',3,'',19,1),(186,'2017-07-07 10:40:11','23','CarWale.com-Dhiraj Gandhi',3,'',19,1),(187,'2017-07-07 10:40:11','22','CarWale.com-Soniaa Godhwani',3,'',19,1),(188,'2017-07-07 10:40:11','21','Atharva Parwatkar (Pending/Saved)',3,'',19,1),(189,'2017-07-07 10:40:11','20','Adyant Eduction Pvt. Ltd. (Aakash Institue)-Soniaa Godhwani',3,'',19,1),(190,'2017-07-07 10:40:11','19','Soniaa Godhwani (Pending/Saved)',3,'',19,1),(191,'2017-07-07 10:40:11','18','Soniaa Godhwani (Pending/Saved)',3,'',19,1),(192,'2017-07-07 10:40:11','17','Soniaa Godhwani (Pending/Saved)',3,'',19,1),(193,'2017-07-07 10:40:11','16','Dhiraj Gandhi (Pending/Saved)',3,'',19,1),(194,'2017-07-07 10:40:11','15','Amazon-Dhiraj Gandhi',3,'',19,1),(195,'2017-07-07 10:40:11','14','Dhiraj Gandhi (Pending/Saved)',3,'',19,1),(196,'2017-07-07 10:40:11','13','Dhiraj Gandhi (Pending/Saved)',3,'',19,1),(197,'2017-07-07 10:40:26','14','Dhiraj Gandhi (Pending)',3,'',18,1),(198,'2017-07-07 10:41:06','1','CSE',2,'Changed program and degree_level.',8,1),(199,'2017-07-07 10:41:13','2','ECE',2,'Changed program and degree_level.',8,1),(200,'2017-07-07 10:44:16','3','MEC',1,'',8,1),(201,'2017-07-07 10:44:37','4','CME',1,'',8,1),(202,'2017-07-07 10:44:54','5','MIN',1,'',8,1),(203,'2017-07-07 10:45:35','6','MME',1,'',8,1),(204,'2017-07-07 10:46:07','7','EEE',1,'',8,1),(205,'2017-07-07 10:47:16','8','CIV',1,'',8,1);
/*!40000 ALTER TABLE `django_admin_log` ENABLE KEYS */;
UNLOCK TABLES;

--
-- Table structure for table `django_content_type`
--

DROP TABLE IF EXISTS `django_content_type`;
/*!40101 SET @saved_cs_client     = @@character_set_client */;
/*!40101 SET character_set_client = utf8 */;
CREATE TABLE `django_content_type` (
  `id` int(11) NOT NULL AUTO_INCREMENT,
  `app_label` varchar(100) NOT NULL,
  `model` varchar(100) NOT NULL,
  PRIMARY KEY (`id`),
  UNIQUE KEY `django_content_type_app_label_45f3b1d93ec8c61c_uniq` (`app_label`,`model`)
) ENGINE=InnoDB AUTO_INCREMENT=22 DEFAULT CHARSET=latin1;
/*!40101 SET character_set_client = @saved_cs_client */;

--
-- Dumping data for table `django_content_type`
--

LOCK TABLES `django_content_type` WRITE;
/*!40000 ALTER TABLE `django_content_type` DISABLE KEYS */;
INSERT INTO `django_content_type` VALUES (1,'admin','logentry'),(3,'auth','group'),(2,'auth','permission'),(4,'auth','user'),(5,'contenttypes','contenttype'),(12,'portalapp','company_department_relation'),(11,'portalapp','company_table'),(8,'portalapp','department'),(15,'portalapp','difficulty_type'),(19,'portalapp','experience_internship'),(18,'portalapp','experience_placement'),(21,'portalapp','forgotpasskeys'),(10,'portalapp','forlogin'),(17,'portalapp','interviewround_details'),(16,'portalapp','interviewround_type'),(9,'portalapp','personinformation'),(14,'portalapp','profile_type'),(20,'portalapp','requests'),(7,'portalapp','roles'),(13,'portalapp','session'),(6,'sessions','session');
/*!40000 ALTER TABLE `django_content_type` ENABLE KEYS */;
UNLOCK TABLES;

--
-- Table structure for table `django_migrations`
--

DROP TABLE IF EXISTS `django_migrations`;
/*!40101 SET @saved_cs_client     = @@character_set_client */;
/*!40101 SET character_set_client = utf8 */;
CREATE TABLE `django_migrations` (
  `id` int(11) NOT NULL AUTO_INCREMENT,
  `app` varchar(255) NOT NULL,
  `name` varchar(255) NOT NULL,
  `applied` datetime NOT NULL,
  PRIMARY KEY (`id`)
) ENGINE=InnoDB AUTO_INCREMENT=19 DEFAULT CHARSET=latin1;
/*!40101 SET character_set_client = @saved_cs_client */;

--
-- Dumping data for table `django_migrations`
--

LOCK TABLES `django_migrations` WRITE;
/*!40000 ALTER TABLE `django_migrations` DISABLE KEYS */;
INSERT INTO `django_migrations` VALUES (1,'contenttypes','0001_initial','2017-02-18 05:42:31'),(2,'auth','0001_initial','2017-02-18 05:42:35'),(3,'admin','0001_initial','2017-02-18 05:42:36'),(4,'contenttypes','0002_remove_content_type_name','2017-02-18 05:42:36'),(5,'auth','0002_alter_permission_name_max_length','2017-02-18 05:42:37'),(6,'auth','0003_alter_user_email_max_length','2017-02-18 05:42:37'),(7,'auth','0004_alter_user_username_opts','2017-02-18 05:42:37'),(8,'auth','0005_alter_user_last_login_null','2017-02-18 05:42:37'),(9,'auth','0006_require_contenttypes_0002','2017-02-18 05:42:37'),(10,'portalapp','0001_initial','2017-02-18 05:43:01'),(11,'sessions','0001_initial','2017-02-18 05:43:02'),(12,'portalapp','0002_auto_20170218_0547','2017-02-18 05:47:28'),(13,'portalapp','0003_auto_20170218_0811','2017-02-18 08:11:30'),(14,'portalapp','0004_auto_20170218_0840','2017-02-18 08:40:19'),(15,'portalapp','0005_auto_20170218_0937','2017-02-18 09:37:03'),(16,'portalapp','0002_auto_20170220_1305','2017-03-01 17:04:04'),(17,'portalapp','0003_auto_20170301_1703','2017-03-01 17:04:05'),(18,'portalapp','0004_auto_20170702_1041','2017-07-02 10:41:49');
/*!40000 ALTER TABLE `django_migrations` ENABLE KEYS */;
UNLOCK TABLES;

--
-- Table structure for table `django_session`
--

DROP TABLE IF EXISTS `django_session`;
/*!40101 SET @saved_cs_client     = @@character_set_client */;
/*!40101 SET character_set_client = utf8 */;
CREATE TABLE `django_session` (
  `session_key` varchar(40) NOT NULL,
  `session_data` longtext NOT NULL,
  `expire_date` datetime NOT NULL,
  PRIMARY KEY (`session_key`),
  KEY `django_session_de54fa62` (`expire_date`)
) ENGINE=InnoDB DEFAULT CHARSET=latin1;
/*!40101 SET character_set_client = @saved_cs_client */;

--
-- Dumping data for table `django_session`
--

LOCK TABLES `django_session` WRITE;
/*!40000 ALTER TABLE `django_session` DISABLE KEYS */;
INSERT INTO `django_session` VALUES ('0dxe25tpf6py8xsruisfbd2h8axqzffq','YWU0NjM3NmM1YWRhOTc3OGU1YzQ0YjkxMDBkNDhkZmNiNGY5ZTkzMDp7ImxvZ2luYXMiOiJTdHVkZW50IiwiY2xnX2lkIjoiMTU4NjYifQ==','2017-03-18 11:12:59'),('0e0a7hvcphovgo94cd9zzuyjfhqsjpef','ODA5NjBhYzQ4M2YxZDdjMjgxNTFhY2QzYTdhMGEyOTQ2MWI5NmZhYzp7ImxvZ2luYXMiOiJTdHVkZW50IiwiY2xnX2lkIjoiMTcwOTcifQ==','2017-03-20 07:42:40'),('0iv529llm9305crp5n3kjvho2ikeega6','MDEzYThiNDMyNGVmOTVmZGI1YTNjZmIwZGUwYmNjZTIzMzA0ZjBlYzp7Il9hdXRoX3VzZXJfaWQiOiIxIiwiX2F1dGhfdXNlcl9oYXNoIjoiMWI0YTEwY2EzZDc5N2QwZmRjODkzN2Y5ZmU5Nzk0OGRhY2IwMzVkZCIsIl9hdXRoX3VzZXJfYmFja2VuZCI6ImRqYW5nby5jb250cmliLmF1dGguYmFja2VuZHMuTW9kZWxCYWNrZW5kIn0=','2017-03-21 11:30:45'),('0wswtnb6o7434p58g8rd7ztby8cnyjpf','NWUyYzQ0MTMxYzBjZDAyNmQ1MTZkNzk1ZmE5NjhmYTJlMmI2NzM4Yjp7ImNsZ19pZCI6IjE1NTY3IiwibG9naW5hcyI6IkFkbWluIiwiX2F1dGhfdXNlcl9oYXNoIjoiMWI0YTEwY2EzZDc5N2QwZmRjODkzN2Y5ZmU5Nzk0OGRhY2IwMzVkZCIsIl9hdXRoX3VzZXJfYmFja2VuZCI6ImRqYW5nby5jb250cmliLmF1dGguYmFja2VuZHMuTW9kZWxCYWNrZW5kIiwiX2F1dGhfdXNlcl9pZCI6IjEifQ==','2017-03-16 10:25:14'),('19xdcnnkezpu3hg6er8zz7wm3qls96fk','NDhlNzY0Yzk5YjRlMGVjYmI5OTYwZjA4ZWNlMjIyNmU2MzFkM2Q1NDp7ImxvZ2luYXMiOiJTdHVkZW50IiwiY2xnX2lkIjoiMTU4NjIifQ==','2017-05-15 16:32:17'),('1gr0q1k9uz92mic8rgzabx5oco4lv8fy','NWYxMmU2YWMzMjc3ZDRlYTNhNzljNjEzYmRjN2U5YjZmYzlmZmZhNjp7ImxvZ2luYXMiOiJTdHVkZW50IiwiY2xnX2lkIjoiMTcxMDgifQ==','2017-03-18 09:29:32'),('2a4gvzgnk00lqlfx2o6r71jp7ds916kn','YmQwM2JmYmM5NzQ1YjhiNGI5NDA2OTlkZjQ2MTY0NDI2MTAwZTlmYTp7ImxvZ2luYXMiOiJTdHVkZW50IiwiY2xnX2lkIjoiMTYwMTQifQ==','2017-03-16 05:19:41'),('2llazorbcrvwuxmcfhe11jqpnpvzic2a','YTc4NmU1MDFhZmZmZjdmMjI1ODU5YzEyNzc4Y2UxODE3M2FlZDQ0NDp7ImxvZ2luYXMiOiJTdHVkZW50IiwiY2xnX2lkIjoiMTU3ODYifQ==','2017-03-17 05:09:13'),('35i7tkejfo5a18mdgcjhhiaak9i2r863','MDEzYThiNDMyNGVmOTVmZGI1YTNjZmIwZGUwYmNjZTIzMzA0ZjBlYzp7Il9hdXRoX3VzZXJfaWQiOiIxIiwiX2F1dGhfdXNlcl9oYXNoIjoiMWI0YTEwY2EzZDc5N2QwZmRjODkzN2Y5ZmU5Nzk0OGRhY2IwMzVkZCIsIl9hdXRoX3VzZXJfYmFja2VuZCI6ImRqYW5nby5jb250cmliLmF1dGguYmFja2VuZHMuTW9kZWxCYWNrZW5kIn0=','2017-03-16 21:02:27'),('39xmudw8ziu6hipg2mh1om1pzx6lqmgf','ZjM2ZDBjODQ0MGRmNTlkZTU4YzA0MWE3ODMzYmUyNTgzYjNkYjM1YTp7ImxvZ2luYXMiOiJUTlAgSGVhZCIsImNsZ19pZCI6IjE1NjE2In0=','2017-05-14 05:33:33'),('3cuazhtcy0ahvtpqt8v1we2qfrfynwnb','NDUwYzQ0MDNlNjI0M2FhMjM4MzRlNjM5Y2NlYWE2YzM0YzVlZjZkZjp7ImxvZ2luYXMiOiJTdHVkZW50IiwiY2xnX2lkIjoiMTU5NzEifQ==','2017-03-15 13:02:53'),('3uiuyhvgag5bzyz4vx0ntszfmp5wm1nb','MmEwZmFlNzhlZWE3NjI1ZWIyMzJhNDNmZmRkOTk3MzY2NThmNTI1ZTp7ImxvZ2luYXMiOiJTdHVkZW50IiwiY2xnX2lkIjoiMTcyMTcifQ==','2017-03-21 13:33:48'),('4adn7sj3b0sqgmftmiyjie7m8t901byk','MTQ2NTQ5MWMyZTBlY2JiY2MwYjk1MWE5NTljMWE4NWY1MzcwOTlkODp7ImxvZ2luYXMiOiJTdHVkZW50IiwiY2xnX2lkIjoiMTU0NzMifQ==','2017-03-14 12:40:55'),('4msywlk240l1jywwmx40js9frhmifj77','Zjc0MDU2ZTg0NWQ0YzZmYTg1OWUzYmRlNWQ5YWYwOTczMjBmM2IxNzp7ImxvZ2luYXMiOiJUTlAgSGVhZCIsImNsZ19pZCI6IjE1NTY3In0=','2017-07-17 06:07:22'),('4njcf32b3kh9tz7r9z3x6a485sbqb9dn','Mzg0ZjM2N2NkNDRjYmExOWNhNzA3M2IzYmEzNDkzM2E2NDhkMWYzNjp7ImNsZ19pZCI6IjE5MDI5IiwibG9naW5hcyI6IkFkbWluIiwiX2F1dGhfdXNlcl9oYXNoIjoiMWI0YTEwY2EzZDc5N2QwZmRjODkzN2Y5ZmU5Nzk0OGRhY2IwMzVkZCIsIl9hdXRoX3VzZXJfaWQiOiIxIiwiX2F1dGhfdXNlcl9iYWNrZW5kIjoiZGphbmdvLmNvbnRyaWIuYXV0aC5iYWNrZW5kcy5Nb2RlbEJhY2tlbmQifQ==','2017-07-21 10:49:20'),('57hgljnralnx6dz1b5tdd3ujhlgtysye','M2QxZTVkZGY3MTM2YzYzYjA3MTg1ZDg0YjcxMGM2MzA3Y2I4M2I1MTp7Il9hdXRoX3VzZXJfYmFja2VuZCI6ImRqYW5nby5jb250cmliLmF1dGguYmFja2VuZHMuTW9kZWxCYWNrZW5kIiwiX2F1dGhfdXNlcl9oYXNoIjoiMWI0YTEwY2EzZDc5N2QwZmRjODkzN2Y5ZmU5Nzk0OGRhY2IwMzVkZCIsIl9hdXRoX3VzZXJfaWQiOiIxIn0=','2017-03-12 06:52:22'),('5h1a0bel7xkvd1j9n5skfz3dzrkc5c8e','MDFmZjYxNWI2NDYwYWVjOWE1MWY5N2Y4YWUyYjc5ZTlkZWZhM2JhNTp7ImxvZ2luYXMiOiJTdHVkZW50IiwiY2xnX2lkIjoiMTcwNzUifQ==','2017-03-18 10:15:15'),('5kqi5quqsyd1fkx76pc9qi0aoy158v9n','NjcyODhkZWU4MTI0ZTIyYmNlYTYyMmRjYjQyODM3NzYwMmNkNjllMzp7ImxvZ2luYXMiOiJTdHVkZW50IiwiY2xnX2lkIjoiMTcxNjEifQ==','2017-03-19 19:00:51'),('6tp72gj4ozquthq393k5k97wahbuyok2','NDRhMWY5NzY2YzExYjQ1ZGYyNDljMzNlM2Q1YzQzYzcwMmE1ZTQzYzp7fQ==','2017-03-17 07:09:35'),('7emsno595pjnjtk3m6hti1epbrf05nsw','ZjM2ZDBjODQ0MGRmNTlkZTU4YzA0MWE3ODMzYmUyNTgzYjNkYjM1YTp7ImxvZ2luYXMiOiJUTlAgSGVhZCIsImNsZ19pZCI6IjE1NjE2In0=','2017-05-03 19:54:11'),('7h802mz31qiq6s0g4z5jtovaceob3ach','NDdkNDY4ZjQwZjczMzY1MWExMmM0ZWUwYWQyOGYyZTIyOGE3YTM1Mzp7ImxvZ2luYXMiOiJBZG1pbiIsImNsZ19pZCI6IjE1NTY3In0=','2017-07-13 07:02:47'),('7u0237r6n8rdjsuy3sy6ev5sges5rbrs','NDdkNDY4ZjQwZjczMzY1MWExMmM0ZWUwYWQyOGYyZTIyOGE3YTM1Mzp7ImxvZ2luYXMiOiJBZG1pbiIsImNsZ19pZCI6IjE1NTY3In0=','2017-05-22 06:04:43'),('7uay9vrbs0v7evx1s2chg8xnv7twunc3','NDRhMWY5NzY2YzExYjQ1ZGYyNDljMzNlM2Q1YzQzYzcwMmE1ZTQzYzp7fQ==','2017-05-17 18:24:56'),('7wai58d2ylkxz61o6j4vgokjfq14zmeh','NDRhMWY5NzY2YzExYjQ1ZGYyNDljMzNlM2Q1YzQzYzcwMmE1ZTQzYzp7fQ==','2017-03-15 19:46:31'),('8xcabsnumvtjsi2slz76v3cre6baht30','YmJmMzExZWQyYmU1MzgyMzNhMWJkYjQ0MDY1Mjg4MzIzYzYyZDQ0Nzp7ImxvZ2luYXMiOiJTdHVkZW50IiwiY2xnX2lkIjoiMTY5OTgifQ==','2017-03-18 10:01:14'),('991yrd2is9wgp8l1l071saeviqguvctc','NDRhMWY5NzY2YzExYjQ1ZGYyNDljMzNlM2Q1YzQzYzcwMmE1ZTQzYzp7fQ==','2017-07-20 10:32:10'),('9exfv98objuxwbf1tfh299chfzuinb7v','NmRlOTM3MjE2ZTE0OGRlZDFmOTdkZTBhYjc1NmNiYmFlOWM5ZDhiYjp7ImxvZ2luYXMiOiJTdHVkZW50IiwiY2xnX2lkIjoiMTU1ODEifQ==','2017-03-15 17:47:01'),('9rjt6dbxjfluj0lt7egdknn8ncnnr4ui','NGVmYmNkNDBmYTk4ZWFhOTQ0NWNhYjk0MDc2NDQ1ZWE5OGUzY2MzZjp7ImxvZ2luYXMiOiJTdHVkZW50IiwiY2xnX2lkIjoiMTYwNjgifQ==','2017-03-19 14:28:06'),('a031bh7tkhfgotg0zzbbu4a6rdk84kzq','NDhlNzY0Yzk5YjRlMGVjYmI5OTYwZjA4ZWNlMjIyNmU2MzFkM2Q1NDp7ImxvZ2luYXMiOiJTdHVkZW50IiwiY2xnX2lkIjoiMTU4NjIifQ==','2017-03-14 16:39:52'),('a1bqsupkwkeygckk7b3sn9qxg5std21s','Y2Y0OTBhZjQ2NTBlNjgxYzgzMjhhYTdhYjM3NGEzZTkzZjAzNjRhYTp7ImxvZ2luYXMiOiJBZG1pbiIsImNsZ19pZCI6IjE1NjE2In0=','2017-07-16 09:34:08'),('acg5q1gczrcdcjasgvwo3t6i7kxt4t5f','M2ZkOWUwMDAxMzQwNjc3ZGE2MTBmNzc3YWVjODI2NDVjYjUyOWE4NDp7ImxvZ2luYXMiOiJTdHVkZW50IiwiY2xnX2lkIjoiMTczNzgifQ==','2017-04-06 15:20:39'),('awikrwmramqsgakhjp2m2myxm25uc86b','NDRhMWY5NzY2YzExYjQ1ZGYyNDljMzNlM2Q1YzQzYzcwMmE1ZTQzYzp7fQ==','2017-03-20 14:34:59'),('axnsscz170xz4ajmrnhqdmfubbu2qxnh','NDRhMWY5NzY2YzExYjQ1ZGYyNDljMzNlM2Q1YzQzYzcwMmE1ZTQzYzp7fQ==','2017-03-16 17:32:56'),('bad7isdhx9cu422fq3o9uwn3qw88ec5c','Y2I5YjFmY2JiNTFiYmQyMDkzZDJlMjI1N2JjZTEwZTRiYTM0ZTI5Yjp7ImxvZ2luYXMiOiJTdHVkZW50IiwiY2xnX2lkIjoiMTY5NzkifQ==','2017-03-21 16:18:00'),('bu45hi1ncawgx8oau4bse9xtt2jrhj51','NDRhMWY5NzY2YzExYjQ1ZGYyNDljMzNlM2Q1YzQzYzcwMmE1ZTQzYzp7fQ==','2017-03-20 08:48:48'),('c0wjd5oesw2mrab17gjeb9rlprbbas9q','ZDU2YzdmNzE0YmQ3ZDlkZTVkNmE3ZjE2NDc1MTYwYTdkZDIwOTVlYjp7ImxvZ2luYXMiOiJTdHVkZW50IiwiY2xnX2lkIjoiMTU4NTkifQ==','2017-03-20 10:15:06'),('ch6zpjsdyy1nd440ef3das3vqcuhhw7f','MmE5NDA0OGM2ZDQyOWUzMmJkZTE2ZTE1NGEyYTdmODdlZmE3NGIxMTp7ImNsZ19pZCI6IjE1NjE2IiwibG9naW5hcyI6IkFkbWluIiwiX2F1dGhfdXNlcl9oYXNoIjoiMWI0YTEwY2EzZDc5N2QwZmRjODkzN2Y5ZmU5Nzk0OGRhY2IwMzVkZCIsIl9hdXRoX3VzZXJfYmFja2VuZCI6ImRqYW5nby5jb250cmliLmF1dGguYmFja2VuZHMuTW9kZWxCYWNrZW5kIiwiX2F1dGhfdXNlcl9pZCI6IjEifQ==','2017-07-19 15:11:30'),('dqx49381cc9709ut032qa4u0h9xfrqdj','YjI3NDBmOTdmNzhjMDU3MWM0N2JhOTA0MDdiM2M4ODc5M2Q1NjVmNDp7ImxvZ2luYXMiOiJTdHVkZW50IiwiY2xnX2lkIjoiMTU3NzgifQ==','2017-03-20 06:13:56'),('duahvyeqyo0wbic05mxtlklrgv5a0oio','NjljNTc2MmY3MTUxNzg3MzAxMGRiZmY3ZDdlOTgzYzNiNmZiZTZmNjp7ImxvZ2luYXMiOiJTdHVkZW50IiwiY2xnX2lkIjoiMTU4NTgifQ==','2017-03-14 13:31:48'),('dx4f7tszpb61xds62cir46k9vlor6130','ZWI3MDBjN2YwOWIwMTM3NjEyNDdhMDg0YzhiNjZlNmYxODZlYTk4Zjp7ImxvZ2luYXMiOiJTdHVkZW50IiwiY2xnX2lkIjoiMTc0MjEifQ==','2017-03-18 13:34:41'),('e03ujqvgw2pdjbgz6v3fy8m17dx2inrj','MmYxNzcyZmVmOWFjYzM2YzM3OGNjODZhNjU1NmE4ZjIzODk4NzA4ZTp7ImxvZ2luYXMiOiJTdHVkZW50IiwiY2xnX2lkIjoiMTcxNjYifQ==','2017-03-18 13:07:32'),('e1tyhlxab70zwasizhn7qi344kfti996','NDRhMWY5NzY2YzExYjQ1ZGYyNDljMzNlM2Q1YzQzYzcwMmE1ZTQzYzp7fQ==','2017-03-13 06:28:16'),('e1vpcdm8cuioi4rh0mrowf3mmzes2m5t','NWUyYzQ0MTMxYzBjZDAyNmQ1MTZkNzk1ZmE5NjhmYTJlMmI2NzM4Yjp7ImNsZ19pZCI6IjE1NTY3IiwibG9naW5hcyI6IkFkbWluIiwiX2F1dGhfdXNlcl9oYXNoIjoiMWI0YTEwY2EzZDc5N2QwZmRjODkzN2Y5ZmU5Nzk0OGRhY2IwMzVkZCIsIl9hdXRoX3VzZXJfYmFja2VuZCI6ImRqYW5nby5jb250cmliLmF1dGguYmFja2VuZHMuTW9kZWxCYWNrZW5kIiwiX2F1dGhfdXNlcl9pZCI6IjEifQ==','2017-03-14 13:38:24'),('eaeb6ussod7tvtnsp9zv3pcuz11u96qa','NDdkNDY4ZjQwZjczMzY1MWExMmM0ZWUwYWQyOGYyZTIyOGE3YTM1Mzp7ImxvZ2luYXMiOiJBZG1pbiIsImNsZ19pZCI6IjE1NTY3In0=','2017-04-04 02:17:35'),('ejlmxp48rczyvi71v1ny7fu5wzxobl3k','NDQ5YzE3Zjk5ZmEyNzU0NTk4MDlkZjMwOTkyMzJlYTFiNGZjNDIyMzp7ImxvZ2luYXMiOiJTdHVkZW50IiwiY2xnX2lkIjoiMTU2MzIifQ==','2017-03-19 03:31:23'),('ejmel4r5j7br9m33pzfmy5k5s2zt4qe5','NDRhMWY5NzY2YzExYjQ1ZGYyNDljMzNlM2Q1YzQzYzcwMmE1ZTQzYzp7fQ==','2017-03-19 03:35:10'),('favi8g6eowo0peknntz8r3zvrg278ste','ZDFiNzIzZjcyNmRkNzY0YmE4ZjRkZWQxODNmMzgyMDA4ZTMwZTNkZTp7ImxvZ2luYXMiOiJTdHVkZW50IiwiY2xnX2lkIjoiMTU0NjkifQ==','2017-03-15 19:53:51'),('g0kcly70xd46zmg73yvjfr5qjxei9kfm','NDRhMWY5NzY2YzExYjQ1ZGYyNDljMzNlM2Q1YzQzYzcwMmE1ZTQzYzp7fQ==','2017-03-19 11:16:45'),('g48z4ilhoo1v5o5nyt1rjjj4tefhra4c','NDRhMWY5NzY2YzExYjQ1ZGYyNDljMzNlM2Q1YzQzYzcwMmE1ZTQzYzp7fQ==','2017-03-20 13:00:31'),('gfwdzzrfo0v0ykl7bi12gdvjlt39tyj7','OTg3MDgwMzMwMmZjYTIxNDY2MWMwOTliODc2NWE2M2RlNjVkYzA4ZTp7ImxvZ2luYXMiOiJTdHVkZW50IiwiY2xnX2lkIjoiMTg0NzUifQ==','2017-07-24 06:52:51'),('gozfd20r0pllu2syxavwz9ghg55xmzrp','NzdmNzliMTVlZmMzOTEyM2NkNzFiNDVmMzhjODRmMjUwYjY4OTA1Zjp7ImxvZ2luYXMiOiJTdHVkZW50IiwiY2xnX2lkIjoiMTczNTEifQ==','2017-04-05 10:38:55'),('gta25kyp6e8rpbguiktm1j9fp100lk19','ZjM2ZDBjODQ0MGRmNTlkZTU4YzA0MWE3ODMzYmUyNTgzYjNkYjM1YTp7ImxvZ2luYXMiOiJUTlAgSGVhZCIsImNsZ19pZCI6IjE1NjE2In0=','2017-05-15 08:57:27'),('gzvx98r0e7hb4bino3kfph8uhdq3cxjc','Y2Y0OTBhZjQ2NTBlNjgxYzgzMjhhYTdhYjM3NGEzZTkzZjAzNjRhYTp7ImxvZ2luYXMiOiJBZG1pbiIsImNsZ19pZCI6IjE1NjE2In0=','2017-07-17 17:28:41'),('h2a6w594hhs9a3ukpocargjdi3awahar','OWM3MGM4Nzg2Y2Y0M2VkMjU3YTkwNGUyYTE3N2FmZWE0N2VkYjFhZTp7ImxvZ2luYXMiOiJTdHVkZW50IiwiY2xnX2lkIjoiMTU3NzQifQ==','2017-03-17 04:09:45'),('h7c5xpwwou15l6wit1kofvggz8r0no9d','YjFmODNlMWIzY2IyYWU3ODgxOWU5YmM0ZjE1ZWQwMWI5M2UyY2RiZjp7ImNsZ19pZCI6IjE1NjE2IiwibG9naW5hcyI6IlROUCBIZWFkIiwiX2F1dGhfdXNlcl9oYXNoIjoiMWI0YTEwY2EzZDc5N2QwZmRjODkzN2Y5ZmU5Nzk0OGRhY2IwMzVkZCIsIl9hdXRoX3VzZXJfYmFja2VuZCI6ImRqYW5nby5jb250cmliLmF1dGguYmFja2VuZHMuTW9kZWxCYWNrZW5kIiwiX2F1dGhfdXNlcl9pZCI6IjEifQ==','2017-03-19 10:53:09'),('h7wfw9ws9gjdztn78e2lvdbbra6pgz5b','MWYyMmMyNDY3ZDNiMGEyZDBhYmExMDBmNDg0NmE2OTVmYmVjNDhmMjp7ImxvZ2luYXMiOiJUTlAgSGVhZCIsIl9hdXRoX3VzZXJfYmFja2VuZCI6ImRqYW5nby5jb250cmliLmF1dGguYmFja2VuZHMuTW9kZWxCYWNrZW5kIiwiX2F1dGhfdXNlcl9oYXNoIjoiMWI0YTEwY2EzZDc5N2QwZmRjODkzN2Y5ZmU5Nzk0OGRhY2IwMzVkZCIsIl9hdXRoX3VzZXJfaWQiOiIxIiwiY2xnX2lkIjoiMTU2MTYifQ==','2017-06-30 18:56:48'),('hzlk224phbce81ua5j9nq7v7kud5l190','M2Q5M2Y5NDEyMGQwNDhmNWFkN2E1MGM0YjNmMjQ2YjMwMjVkOGJiMjp7Il9hdXRoX3VzZXJfaGFzaCI6IjFiNGExMGNhM2Q3OTdkMGZkYzg5MzdmOWZlOTc5NDhkYWNiMDM1ZGQiLCJfYXV0aF91c2VyX2JhY2tlbmQiOiJkamFuZ28uY29udHJpYi5hdXRoLmJhY2tlbmRzLk1vZGVsQmFja2VuZCIsIl9hdXRoX3VzZXJfaWQiOiIxIn0=','2017-07-24 07:48:50'),('i9hjdev4ahoqlshk6azxenp681jzpsn3','NjkzZmI4Y2E4ZjdiMzFjOTZmODM3MmVmYTY1MGIzZmM5NTlhOGI2Njp7ImxvZ2luYXMiOiJTdHVkZW50IiwiY2xnX2lkIjoiMTczODcifQ==','2017-03-18 09:38:49'),('ifsbogmn5kvr1vwz8dj0opgv2h1igny3','NzQ5Nzc4MjVjNDljMGI5ZTVkMjlmYjNjYTRiMDEzMzBhNzUyM2JkNzp7ImxvZ2luYXMiOiJTdHVkZW50IiwiY2xnX2lkIjoiMTU2MTMifQ==','2017-03-16 18:05:27'),('iyjjrz992kbwgzo9czajtjt3jlupmaz3','NDRhMWY5NzY2YzExYjQ1ZGYyNDljMzNlM2Q1YzQzYzcwMmE1ZTQzYzp7fQ==','2017-06-21 12:37:08'),('jc9l0tcjojn31t1689v0e21k9ar3tnjs','NDRhMWY5NzY2YzExYjQ1ZGYyNDljMzNlM2Q1YzQzYzcwMmE1ZTQzYzp7fQ==','2017-03-15 16:35:32'),('jv2f7eyxnokdgzp6y3kt6q6f0miqwsev','NGY4MmI0NTlkMDk2YWZlNzRjZDVmYjU2MmU3MjE3ODdmMWQwNDg0Nzp7ImxvZ2luYXMiOiJTdHVkZW50IiwiY2xnX2lkIjoiMTcwNzEifQ==','2017-03-20 20:47:59'),('k1gc18ozsoybrujj03wima5dc45kh6e3','Y2Y0OTBhZjQ2NTBlNjgxYzgzMjhhYTdhYjM3NGEzZTkzZjAzNjRhYTp7ImxvZ2luYXMiOiJBZG1pbiIsImNsZ19pZCI6IjE1NjE2In0=','2017-07-17 19:16:57'),('k93ps81mifk0jj221com1cdfuznfsngd','NDRhMWY5NzY2YzExYjQ1ZGYyNDljMzNlM2Q1YzQzYzcwMmE1ZTQzYzp7fQ==','2017-03-18 20:02:00'),('ked0fcbdfsxppp1ktoaekd1uk1hki9jb','NDRhMWY5NzY2YzExYjQ1ZGYyNDljMzNlM2Q1YzQzYzcwMmE1ZTQzYzp7fQ==','2017-03-18 12:03:11'),('l5ijrltwm7u2fgpvjy3c5f4etndh7x02','OTg3MDgwMzMwMmZjYTIxNDY2MWMwOTliODc2NWE2M2RlNjVkYzA4ZTp7ImxvZ2luYXMiOiJTdHVkZW50IiwiY2xnX2lkIjoiMTg0NzUifQ==','2017-07-23 18:42:19'),('mhu26n0ycbrp97ndp1jbkutz2hzujqu8','YTAxODNmODUxNTRlNmI1YjM2N2Q0YTkzMTQxYzY0OTQwODgyY2FiOTp7ImxvZ2luYXMiOiJTdHVkZW50IiwiY2xnX2lkIjoiMTcwMDAifQ==','2017-03-18 10:38:39'),('mmpgf78469czvw0jkkxclabiv9lbrh49','OWI5MGQ0YjhkYjRlNjg4YmVkYmU2NzQ0ODc4YWRhMTZiNGU5ZjA4ZTp7ImxvZ2luYXMiOiJTdHVkZW50IiwiY2xnX2lkIjoiMTcwNjIifQ==','2017-03-18 10:21:01'),('nfcr3559nb4jwgh9qgku5oget1f0cusy','ZjM2ZDBjODQ0MGRmNTlkZTU4YzA0MWE3ODMzYmUyNTgzYjNkYjM1YTp7ImxvZ2luYXMiOiJUTlAgSGVhZCIsImNsZ19pZCI6IjE1NjE2In0=','2017-03-14 03:56:11'),('nk7p5uv0lzgof0fxjk4h17eba82du3fn','M2Q5M2Y5NDEyMGQwNDhmNWFkN2E1MGM0YjNmMjQ2YjMwMjVkOGJiMjp7Il9hdXRoX3VzZXJfaGFzaCI6IjFiNGExMGNhM2Q3OTdkMGZkYzg5MzdmOWZlOTc5NDhkYWNiMDM1ZGQiLCJfYXV0aF91c2VyX2JhY2tlbmQiOiJkamFuZ28uY29udHJpYi5hdXRoLmJhY2tlbmRzLk1vZGVsQmFja2VuZCIsIl9hdXRoX3VzZXJfaWQiOiIxIn0=','2017-03-12 08:15:26'),('nppjki2m2xj1cl4c7nn2r5tyd84c7ay5','YTIzOWFmNzM1NWNjN2QxZGViN2I1YmU5NzllNDU4Njk4ZDU0MjRjNTp7ImxvZ2luYXMiOiJTdHVkZW50IiwiY2xnX2lkIjoiMTgzMDAifQ==','2017-07-14 08:32:30'),('ogkhplnjkissyowqxmka9g5kp1n8lcpe','ZjM2ZDBjODQ0MGRmNTlkZTU4YzA0MWE3ODMzYmUyNTgzYjNkYjM1YTp7ImxvZ2luYXMiOiJUTlAgSGVhZCIsImNsZ19pZCI6IjE1NjE2In0=','2017-04-05 11:04:01'),('p5eiq1lq63uslvdvtsye8g3bhxismmyq','NmU1OWI1NzZhMGZkNGRhOTY4MTE5ODdmZGZkNWUyNmI3OTBhMjQ2NDp7ImxvZ2luYXMiOiJTdHVkZW50IiwiY2xnX2lkIjoiMTcxODUifQ==','2017-03-19 15:57:04'),('q6ciylurs6q8pg530im49m59ejuk9f23','Mzg0ZjM2N2NkNDRjYmExOWNhNzA3M2IzYmEzNDkzM2E2NDhkMWYzNjp7ImNsZ19pZCI6IjE5MDI5IiwibG9naW5hcyI6IkFkbWluIiwiX2F1dGhfdXNlcl9oYXNoIjoiMWI0YTEwY2EzZDc5N2QwZmRjODkzN2Y5ZmU5Nzk0OGRhY2IwMzVkZCIsIl9hdXRoX3VzZXJfaWQiOiIxIiwiX2F1dGhfdXNlcl9iYWNrZW5kIjoiZGphbmdvLmNvbnRyaWIuYXV0aC5iYWNrZW5kcy5Nb2RlbEJhY2tlbmQifQ==','2017-07-17 18:42:48'),('q7x6lbs3f4itidazk0lcyjkk4ow7wwfv','NDRhMWY5NzY2YzExYjQ1ZGYyNDljMzNlM2Q1YzQzYzcwMmE1ZTQzYzp7fQ==','2017-03-17 04:25:01'),('qacovofz2bru24vy2qhk0uj4a9i6xv7z','NDRhMWY5NzY2YzExYjQ1ZGYyNDljMzNlM2Q1YzQzYzcwMmE1ZTQzYzp7fQ==','2017-03-15 21:49:47'),('qtwegr2isglhj9ca1naai5sk8bkz05ip','NjRlZjFmZjc4ZDk2MzlhYTMzZTU3NTAxZDgwNTMyNGVhMWQwZWE0Zjp7ImxvZ2luYXMiOiJTdHVkZW50IiwiY2xnX2lkIjoiMTU3NjUifQ==','2017-03-14 13:39:26'),('raflevlulqp8hf8se7wnb2az8i2fj28d','NDRhMWY5NzY2YzExYjQ1ZGYyNDljMzNlM2Q1YzQzYzcwMmE1ZTQzYzp7fQ==','2017-03-16 05:47:56'),('rde8ushs4op81as08w4rpkjzm63iltcn','ZjcyYmJlNWQ0MzYyMmM4MjY4ZTVjYmFhNmI3MWJjZDJhMjYyYzVkYjp7ImxvZ2luYXMiOiJTdHVkZW50IiwiY2xnX2lkIjoiMTU1NTAifQ==','2017-03-17 06:59:51'),('rhhs76lzyk881ueuf50pr5x6a2hjuag4','NDRhMWY5NzY2YzExYjQ1ZGYyNDljMzNlM2Q1YzQzYzcwMmE1ZTQzYzp7fQ==','2017-03-14 14:53:58'),('rre8ddf0tk4daxxv9e6ekow0dv6rwj05','OWUwMTM1ODIzMTE1YjMyNWRlMzZjMWJiNTcwMGRkMWNhOTFhMmM0ODp7ImxvZ2luYXMiOiJTdHVkZW50IiwiY2xnX2lkIjoiMTU1ODgifQ==','2017-03-14 12:40:17'),('rub4vdqxnevn5bhcvse56xk0egfzi67y','NDRhMWY5NzY2YzExYjQ1ZGYyNDljMzNlM2Q1YzQzYzcwMmE1ZTQzYzp7fQ==','2017-03-18 10:40:12'),('sfd8jauxxgc9nz1zvvcbx0kmx4s79mbr','NDRhMWY5NzY2YzExYjQ1ZGYyNDljMzNlM2Q1YzQzYzcwMmE1ZTQzYzp7fQ==','2017-03-13 09:08:30'),('t2sjpa6eupzd4zhglaqutfwqx1u0a5h1','NDRhMWY5NzY2YzExYjQ1ZGYyNDljMzNlM2Q1YzQzYzcwMmE1ZTQzYzp7fQ==','2017-03-18 13:55:58'),('tshjaq3a5ce2t3o0mpfvk76sr9jsptx0','MDEzYThiNDMyNGVmOTVmZGI1YTNjZmIwZGUwYmNjZTIzMzA0ZjBlYzp7Il9hdXRoX3VzZXJfaWQiOiIxIiwiX2F1dGhfdXNlcl9oYXNoIjoiMWI0YTEwY2EzZDc5N2QwZmRjODkzN2Y5ZmU5Nzk0OGRhY2IwMzVkZCIsIl9hdXRoX3VzZXJfYmFja2VuZCI6ImRqYW5nby5jb250cmliLmF1dGguYmFja2VuZHMuTW9kZWxCYWNrZW5kIn0=','2017-03-19 05:35:58'),('v83ul8v456e7dw5szr72rc8wa07ckp24','Y2Y0OTBhZjQ2NTBlNjgxYzgzMjhhYTdhYjM3NGEzZTkzZjAzNjRhYTp7ImxvZ2luYXMiOiJBZG1pbiIsImNsZ19pZCI6IjE1NjE2In0=','2017-07-15 14:40:29'),('wmfm50zb17omy0xt3z4o1w4ccc0y1jf6','ZjM2ZDBjODQ0MGRmNTlkZTU4YzA0MWE3ODMzYmUyNTgzYjNkYjM1YTp7ImxvZ2luYXMiOiJUTlAgSGVhZCIsImNsZ19pZCI6IjE1NjE2In0=','2017-03-18 08:31:37'),('x67gg537358alwbav0a4eka9fflnmiyo','M2QxZTVkZGY3MTM2YzYzYjA3MTg1ZDg0YjcxMGM2MzA3Y2I4M2I1MTp7Il9hdXRoX3VzZXJfYmFja2VuZCI6ImRqYW5nby5jb250cmliLmF1dGguYmFja2VuZHMuTW9kZWxCYWNrZW5kIiwiX2F1dGhfdXNlcl9oYXNoIjoiMWI0YTEwY2EzZDc5N2QwZmRjODkzN2Y5ZmU5Nzk0OGRhY2IwMzVkZCIsIl9hdXRoX3VzZXJfaWQiOiIxIn0=','2017-03-22 17:10:35'),('xzbur9qi0iss7p95zgx9qzgh96z0p8xb','NDRhMWY5NzY2YzExYjQ1ZGYyNDljMzNlM2Q1YzQzYzcwMmE1ZTQzYzp7fQ==','2017-07-13 10:37:58'),('y8e53h36chjjkmmrfpnabap629qi8227','ZTAzNTRmZTc1MjE4YTM1OWUwZWI3MDM1OGM5OTA2OGQ2NTI0OTk0ZDp7ImxvZ2luYXMiOiJTdHVkZW50IiwiY2xnX2lkIjoiMTU1NzcifQ==','2017-03-19 17:14:46'),('yggbu75x1uaz86erogz5cjd1mxzk38py','NDRhMWY5NzY2YzExYjQ1ZGYyNDljMzNlM2Q1YzQzYzcwMmE1ZTQzYzp7fQ==','2017-03-18 09:35:04'),('yn0jjj08jw42cifonougly84bccw16c1','YzRiMWJjMGYzOTFkZTRmYzdhZDAzOTBiZWY2MGY1NmRmMTRjMzM4Yzp7ImNsZ19pZCI6IjE4NDc1IiwibG9naW5hcyI6IlN0dWRlbnQiLCJfYXV0aF91c2VyX2hhc2giOiIxYjRhMTBjYTNkNzk3ZDBmZGM4OTM3ZjlmZTk3OTQ4ZGFjYjAzNWRkIiwiX2F1dGhfdXNlcl9pZCI6IjEiLCJfYXV0aF91c2VyX2JhY2tlbmQiOiJkamFuZ28uY29udHJpYi5hdXRoLmJhY2tlbmRzLk1vZGVsQmFja2VuZCJ9','2017-07-24 07:31:54'),('z5hgq9ye0mjs7svgqdcpwc2otlu2iyz0','NjkzYjk5ODRhNDRlMmI1NzI1ZTA4ODNmYjNmNDJmNzc1YTg3YTZkZjp7ImxvZ2luYXMiOiJTdHVkZW50IiwiY2xnX2lkIjoiMTYwMDkifQ==','2017-03-19 18:22:09'),('z8mst48xlca99khr095lqrjwa539fncu','NjljNTc2MmY3MTUxNzg3MzAxMGRiZmY3ZDdlOTgzYzNiNmZiZTZmNjp7ImxvZ2luYXMiOiJTdHVkZW50IiwiY2xnX2lkIjoiMTU4NTgifQ==','2017-03-15 18:02:00'),('zihjzaxq9jg6odhzymhc8oi2c3fiqbi7','OTg3MDgwMzMwMmZjYTIxNDY2MWMwOTliODc2NWE2M2RlNjVkYzA4ZTp7ImxvZ2luYXMiOiJTdHVkZW50IiwiY2xnX2lkIjoiMTg0NzUifQ==','2017-07-16 10:11:35'),('zmrb7qxyumf54etqbkfjo58jmhutdbtx','MzEwOTVlNjY3MDhhODdiMzI0NjA4ZjdmZGFlZjM4NjdmMDZkYWY1MDp7ImxvZ2luYXMiOiJTdHVkZW50IiwiY2xnX2lkIjoiMTcxOTEifQ==','2017-03-26 13:01:09'),('zn9u1zxocs7z0un4uhjvgl1hfhx6f1ia','ZGQyMDdmYTg5YzQ5YWIwZWY2ZTI3MjQwYWIzZjhmNWMwNzZmODgyMzp7ImxvZ2luYXMiOiJTdHVkZW50IiwiY2xnX2lkIjoiMTU2NDkifQ==','2017-03-17 04:46:41'),('zolf1z0vdli81vpevrkkhw65969vrieb','NGNhNjBlODQ5YzJiYjcyYjM0OGNlZmU1Yjk2OGZjZjcyNGFlYmI1Mjp7ImxvZ2luYXMiOiJTdHVkZW50IiwiY2xnX2lkIjoiMTU3OTQifQ==','2017-04-05 06:17:12'),('zpje68h8dmkp5vlma5k0no9jpfy1ezab','ZjM2ZDBjODQ0MGRmNTlkZTU4YzA0MWE3ODMzYmUyNTgzYjNkYjM1YTp7ImxvZ2luYXMiOiJUTlAgSGVhZCIsImNsZ19pZCI6IjE1NjE2In0=','2017-04-18 12:13:13');
/*!40000 ALTER TABLE `django_session` ENABLE KEYS */;
UNLOCK TABLES;

--
-- Table structure for table `portalapp_company_department_relation`
--

DROP TABLE IF EXISTS `portalapp_company_department_relation`;
/*!40101 SET @saved_cs_client     = @@character_set_client */;
/*!40101 SET character_set_client = utf8 */;
CREATE TABLE `portalapp_company_department_relation` (
  `id` int(11) NOT NULL AUTO_INCREMENT,
  `session` varchar(20) DEFAULT NULL,
  `intern_valid` int(11) NOT NULL,
  `job_valid` int(11) NOT NULL,
  `company_id_id` int(11) NOT NULL,
  `deptid_id` int(11) NOT NULL,
  PRIMARY KEY (`id`),
  KEY `portalapp_company_department_relation_ca4ae90a` (`company_id_id`),
  KEY `portalapp_company_department_relation_30d13079` (`deptid_id`),
  CONSTRAINT `portalapp__deptid_id_6b6fff2740ec08f0_fk_portalapp_department_id` FOREIGN KEY (`deptid_id`) REFERENCES `portalapp_department` (`id`),
  CONSTRAINT `port_company_id_id_1fe6d622f603285_fk_portalapp_company_table_id` FOREIGN KEY (`company_id_id`) REFERENCES `portalapp_company_table` (`id`)
) ENGINE=InnoDB AUTO_INCREMENT=18 DEFAULT CHARSET=latin1;
/*!40101 SET character_set_client = @saved_cs_client */;

--
-- Dumping data for table `portalapp_company_department_relation`
--

LOCK TABLES `portalapp_company_department_relation` WRITE;
/*!40000 ALTER TABLE `portalapp_company_department_relation` DISABLE KEYS */;
INSERT INTO `portalapp_company_department_relation` VALUES (2,'2015-16',1,0,170,1),(3,'2015-16',1,0,139,1),(4,'2015-16',1,0,111,1),(5,'2015-16',1,0,98,1),(6,'2015-16',1,1,142,1),(7,'2016-17',0,1,118,1),(8,'2016-17',1,1,98,1),(9,'2016-17',0,1,149,1),(10,'2016-17',0,1,116,1),(11,'2016-17',0,1,104,1),(12,'2015-16',1,0,134,1),(13,'2016-17',0,1,116,2),(14,'2016-17',0,1,160,2),(15,'2016-17',1,0,95,1),(16,'2016-17',1,0,110,1),(17,'2016-17',1,0,99,1);
/*!40000 ALTER TABLE `portalapp_company_department_relation` ENABLE KEYS */;
UNLOCK TABLES;

--
-- Table structure for table `portalapp_company_table`
--

DROP TABLE IF EXISTS `portalapp_company_table`;
/*!40101 SET @saved_cs_client     = @@character_set_client */;
/*!40101 SET character_set_client = utf8 */;
CREATE TABLE `portalapp_company_table` (
  `id` int(11) NOT NULL AUTO_INCREMENT,
  `company_name` longtext,
  `short_name` longtext,
  `long_name` longtext,
  `display_name` longtext,
  `intern_exp_count` int(11) NOT NULL,
  `job_exp_count` int(11) NOT NULL,
  `company_intern_valid` int(11) NOT NULL,
  `company_job_valid` int(11) NOT NULL,
  `startdate` date NOT NULL,
  `recentdate` date NOT NULL,
  `valid` int(11) NOT NULL,
  PRIMARY KEY (`id`)
) ENGINE=InnoDB AUTO_INCREMENT=204 DEFAULT CHARSET=latin1;
/*!40101 SET character_set_client = @saved_cs_client */;

--
-- Dumping data for table `portalapp_company_table`
--

LOCK TABLES `portalapp_company_table` WRITE;
/*!40000 ALTER TABLE `portalapp_company_table` DISABLE KEYS */;
INSERT INTO `portalapp_company_table` VALUES (91,'3DPLM Software Solutions Ltd','3DPLM ','3DPLM Software Solutions Ltd','3DPLM ',0,0,0,1,'2016-09-26','2016-09-26',-1),(92,'ACG Worldwide','ACG','ACG Worldwide','ACG',0,0,0,1,'2016-09-09','2016-09-09',1),(93,'Aditya Birla Group (Hindalco)','Aditya Birla Group (Hindalco)','Aditya Birla Group (Hindalco)','Aditya Birla Group (Hindalco)',0,0,0,1,'2017-01-04','2017-01-04',1),(94,'ADM Agro Industries India Pvt Ltd','ADM Agro ','ADM Agro Industries India Pvt Ltd','ADM Agro ',0,0,0,1,'2016-09-29','2016-09-29',1),(95,'Adyant Eduction Pvt. Ltd. (Aakash Institue)','Adyant Edu (Aakash Institue)','Adyant Eduction Pvt. Ltd. (Aakash Institue)','Adyant Edu (Aakash Institue)',0,0,0,1,'2016-12-23','2016-12-23',1),(96,'Alfa Laval (India) Limited','Alfa Laval','Alfa Laval (India) Limited','Alfa Laval',0,0,0,1,'2017-01-10','2017-01-10',1),(97,'Amadeus Software Labs India Pvt Ltd','Amadeus','Amadeus Software Labs India Pvt Ltd','Amadeus',0,0,0,1,'2016-08-02','2016-08-02',1),(98,'Amazon','Amazon','Amazon','Amazon',3,2,1,1,'2016-08-01','2016-08-01',-1),(99,'Ashok Leyland','Ashok Leyland','Ashok Leyland','Ashok Leyland',0,0,0,1,'2016-10-25','2016-10-25',1),(100,'Atos India Pvt. Ltd.','Atos.','Atos India Pvt. Ltd.','Atos.',0,0,0,1,'2016-11-29','2016-11-29',1),(101,'Avanti Fellows','Avanti','Avanti Fellows','Avanti',0,0,0,1,'2017-01-02','2017-01-02',1),(102,'AVAYA India Pvt Ltd','AVAYA','AVAYA India Pvt Ltd','AVAYA',0,0,0,1,'2016-08-07','2016-08-07',1),(103,'Bajaj Auto Ltd.','Bajaj Auto ','Bajaj Auto Ltd.','Bajaj Auto ',0,0,0,1,'2016-08-01','2016-08-01',1),(104,'Barclays Technology Centre India Pvt Ltd','Barclays Technology','Barclays Technology Centre India Pvt Ltd','Barclays Technology',0,1,0,1,'2016-08-04','2016-08-04',1),(105,'BASE Educational Services Pvt Ltd','BASE Edu','BASE Educational Services Pvt Ltd','BASE Edu',0,0,0,1,'2017-01-05','2017-01-05',1),(106,'Bharat Forge ','Bharat Forge ','Bharat Forge ','Bharat Forge ',0,0,0,1,'2017-01-25','2017-01-25',1),(107,'Birla Century','Birla Century','Birla Century','Birla Century',0,0,0,1,'2017-01-04','2017-01-04',1),(108,'C-DOT','C-DOT','C-DOT','C-DOT',0,0,0,1,'2016-08-08','2016-08-08',-1),(109,'Capgemini India Pvt Ltd','Capgemini','Capgemini India Pvt Ltd','Capgemini',0,0,0,1,'2016-12-05','2016-12-05',1),(110,'CarWale.com','CarWale.com','CarWale.com','CarWale.com',0,0,0,1,'2016-08-22','2016-08-22',1),(111,'Citicorp Finance India Limited','Citicorp Finance','Citicorp Finance India Limited','Citicorp Finance',3,0,1,1,'2016-07-26','2016-07-26',1),(112,'Clairvolex Knowledge Processes Pvt. Ltd.','Clairvolex','Clairvolex Knowledge Processes Pvt. Ltd.','Clairvolex',0,0,0,1,'2016-09-16','2016-09-16',1),(113,'Coal India Ltd.','Coal India','Coal India Ltd.','Coal India',0,0,0,1,'2017-01-09','2017-01-09',1),(114,'Decathlon Sports India Pvt. Ltd.','Decathlon Sports','Decathlon Sports India Pvt. Ltd.','Decathlon Sports',0,0,0,1,'2017-02-13','2017-02-13',1),(115,'Deloitte','Deloitte','Deloitte','Deloitte',0,0,0,1,'2016-08-30','2016-08-30',1),(116,'FactSet Systems India Pvt Ltd','FactSet','FactSet Systems India Pvt Ltd','FactSet',0,2,0,1,'2016-08-05','2016-08-05',1),(117,'FCA (FIAT)','FCA (FIAT)','FCA (FIAT)','FCA (FIAT)',0,0,0,1,'2016-11-09','2016-11-09',1),(118,'Fidelity Investments','Fidelity','Fidelity Investments','Fidelity',0,1,0,1,'2016-08-03','2016-08-03',1),(119,'Fractal Analytics Pvt. Ltd.','Fractal Analytics','Fractal Analytics Pvt. Ltd.','Fractal Analytics',0,0,0,1,'2016-08-16','2016-08-16',1),(120,'Futures First','Futures First','Futures First','Futures First',0,0,0,1,'2016-08-01','2016-08-01',1),(121,'Godrej & Boyce Mfg. Co. Ltd.','Godrej & Boyce','Godrej & Boyce Mfg. Co. Ltd.','Godrej & Boyce',0,0,0,1,'2016-12-19','2016-12-19',1),(122,'Godrej Industries Ltd','Godrej','Godrej Industries Ltd','Godrej',0,0,0,1,'2016-09-30','2016-09-30',1),(123,'Goldman Sachs','Goldman Sachs','Goldman Sachs','Goldman Sachs',0,0,0,1,'2016-07-20','2016-07-20',1),(124,'Halftick Info Services Pvt Ltd','Halftick','Halftick Info Services Pvt Ltd','Halftick',0,0,0,1,'2016-09-09','2016-09-09',1),(125,'Hero MotoCorp Ltd','Hero MotoCorp','Hero MotoCorp Ltd','Hero MotoCorp',0,0,0,1,'2016-12-08','2016-12-08',1),(126,'HSBC Software Development (India) Pvt. Ltd.','HSBC','HSBC Software Development (India) Pvt. Ltd.','HSBC',0,0,0,1,'2016-09-22','2016-09-22',1),(127,'HUL','HUL','HUL','HUL',0,0,0,1,'2016-07-11','2016-07-11',1),(128,'HYUNDAI Mobis Technical Center in India (MTCI)','HYUNDAI Mobis','HYUNDAI Mobis Technical Center in India (MTCI)','HYUNDAI Mobis',0,0,0,1,'2016-11-10','2016-11-10',1),(129,'Indian Navy','Indian Navy','Indian Navy','Indian Navy',0,0,0,1,'2016-08-18','2016-08-18',1),(130,'Infocepts','Infocepts','Infocepts','Infocepts',0,0,0,1,'2016-09-28','2016-09-28',1),(131,'Infosys','Infosys ','Infosys','Infosys ',0,0,0,1,'2016-12-06','2016-12-06',1),(132,'Ittiam','Ittiam','Ittiam','Ittiam',0,0,0,1,'2016-07-26','2016-07-26',1),(133,'John Deere Technology','John Deere','John Deere Technology','John Deere',0,0,0,1,'2016-08-24','2016-08-24',1),(134,'JP Morgan','JP Morgan','JP Morgan','JP Morgan',1,0,1,1,'2016-09-09','2016-09-09',1),(135,'KEC International Ltd.','KEC ','KEC International Ltd.','KEC ',0,0,0,1,'2017-01-23','2017-01-23',1),(136,'L&T ECC','L&T ECC','L&T ECC','L&T ECC',0,0,0,1,'2016-08-26','2016-08-26',1),(137,'Lafarge India Ltd.','Lafarge','Lafarge India Ltd.','Lafarge',0,0,0,1,'2017-01-18','2017-01-18',1),(138,'Larsen & Toubro Limited','Larsen & Toubro','Larsen & Toubro Limited','Larsen & Toubro',0,0,0,1,'2016-07-21','2016-07-21',1),(139,'MAQ','MAQ','MAQ','MAQ',1,0,1,1,'2016-08-22','2016-08-22',1),(140,'Maruti Suzuki India Ltd.','Maruti Suzuki','Maruti Suzuki India Ltd.','Maruti Suzuki',0,0,0,1,'2016-09-16','2016-09-16',1),(141,'Misys Software Solutions (India) Pvt Ltd.','Misys ','Misys Software Solutions (India) Pvt Ltd.','Misys ',0,0,0,1,'2016-08-23','2016-08-23',1),(142,'Morgan Stanley Advantage Services Pvt Ltd','Morgan Stanley','Morgan Stanley Advantage Services Pvt Ltd','Morgan Stanley',2,1,1,1,'2016-07-21','2016-07-21',1),(143,'mSupply.com','mSupply.com','mSupply.com','mSupply.com',0,0,0,1,'2016-09-19','2016-09-19',1),(144,'Nice Software Solutions Pvt. Ltd.','Nice','Nice Software Solutions Pvt. Ltd.','Nice',0,0,0,1,'2016-12-01','2016-12-01',1),(145,'Ntex Transportation Services Pvt Ltd (ElasticRun)','Ntex','Ntex Transportation Services Pvt Ltd (ElasticRun)','Ntex',0,0,0,1,'2016-11-09','2016-11-09',1),(146,'Numerify India Software Pvt .Ltd','Numerify','Numerify India Software Pvt .Ltd','Numerify',0,0,0,1,'2016-08-03','2016-08-03',1),(147,'Nykaa.com','Nykaa.com','Nykaa.com','Nykaa.com',0,0,0,1,'2016-08-04','2016-08-04',1),(148,'OFSS','OFSS','OFSS','OFSS',0,0,0,1,'2016-09-07','2016-09-07',1),(149,'Oracle India Pvt. Ltd.','Oracle ','Oracle India Pvt. Ltd.','Oracle ',0,1,0,1,'2016-08-09','2016-08-09',1),(150,'Persistent Systems Ltd.','Persistent ','Persistent Systems Ltd.','Persistent ',0,0,0,1,'2016-10-21','2016-10-21',1),(151,'Philips Innovation','Philips Innovation','Philips Innovation','Philips Innovation',0,0,0,1,'2016-08-11','2016-08-11',1),(152,'Pidilite Industries Ltd.','Pidilite ','Pidilite Industries Ltd.','Pidilite ',0,0,0,1,'2017-01-12','2017-01-12',1),(153,'Publicis.Sapient','Publicis.Sapient','Publicis.Sapient','Publicis Sapient',0,0,0,1,'2016-10-20','2016-10-20',1),(154,'Qualcomm India Pvt Ltd','Qualcomm','Qualcomm India Pvt Ltd','Qualcomm',0,0,0,1,'2016-08-05','2016-08-05',1),(155,'Reliance Industries Ltd.','Reliance','Reliance Industries Ltd.','Reliance',0,0,0,1,'2016-11-03','2016-11-03',1),(156,'Rishabh Instruments Pvt. Ltd','Rishabh Instruments','Rishabh Instruments Pvt. Ltd','Rishabh Instruments',0,0,0,1,'2016-01-12','2016-01-12',-1),(157,'S Jain Ventures','S Jain Ventures','S Jain Ventures','S Jain Ventures',0,0,0,1,'2017-02-06','2017-02-06',1),(158,'Schneider Electric India','Schneider ','Schneider Electric India','Schneider ',0,0,0,1,'2016-07-25','2016-07-25',1),(159,'SHV Energy','SHV Energy','SHV Energy','SHV Energy',0,0,0,1,'2016-11-10','2016-11-10',1),(160,'Siemens Ltd.','Siemens','Siemens Ltd.','Siemens',0,1,0,1,'2016-08-17','2016-08-17',-1),(161,'Sun Pharmaceutical Industries Ltd','Sun Pharmaceutical','Sun Pharmaceutical Industries Ltd','Sun Pharmaceutical',0,0,0,1,'2016-09-21','2016-09-21',1),(162,'Tata Consultancy Services','Tata Consultancy Services','Tata Consultancy Services','Tata Consultancy Services',0,0,0,1,'2016-10-27','2016-10-27',1),(163,'Tata Motors Ltd.','Tata Motors','Tata Motors Ltd.','Tata Motors',0,0,0,1,'2016-09-27','2016-09-27',1),(164,'Thermax Ltd.','Thermax ','Thermax Ltd.','Thermax ',0,0,0,1,'2016-11-11','2016-11-11',1),(165,'ThyssenKrupp Electrical Steel India Pvt. Ltd.','ThyssenKrupp Electrical Steel','ThyssenKrupp Electrical Steel India Pvt. Ltd.','ThyssenKrupp Electrical Steel',0,0,0,1,'2017-02-14','2017-02-14',1),(166,'Varroc Engineering Pvt. Ltd.','Varroc Engineering','Varroc Engineering Pvt. Ltd.','Varroc Engineering',0,0,0,1,'2016-10-04','2016-10-04',1),(167,'VE Commercial Vehicles','VE Commercial Vehicles','VE Commercial Vehicles','VE Commercial Vehicles',0,0,0,1,'2016-09-21','2016-09-21',1),(168,'Vedanta Ltd.','Vedanta','Vedanta Ltd.','Vedanta',0,0,0,1,'2016-10-03','2016-10-03',1),(169,'Webonise Lab','Webonise Lab','Webonise Lab','Webonise Lab',0,0,0,1,'2016-09-30','2016-09-30',1),(170,'Wipro Ltd.','Wipro ','Wipro Ltd.','Wipro ',1,0,1,1,'2016-09-17','2016-09-17',1),(171,'ZS Associates','ZS Associates','ZS Associates','ZS Associates',0,0,0,1,'2016-08-10','2016-08-10',1),(172,'iitb',NULL,NULL,NULL,0,0,0,0,'2017-06-06','2017-06-06',-1),(173,'Aarvee Associates','Aarvee Associates','Aarvee Associates','Aarvee Associates',0,0,0,1,'2017-03-30','2017-03-30',1),(174,'ABB Ltd.','ABB','ABB Ltd.','ABB',0,0,0,1,'2016-11-02','2016-11-02',1),(175,'Anand Mine Tools Private Limited, Nagpur','Anand Mine Tools','Anand Mine Tools Private Limited, Nagpur','Anand Mine Tools',0,0,0,1,'2017-03-03','2017-03-03',1),(176,'Bajaj Reinforcement ','Bajaj Reinforcement ','Bajaj Reinforcement ','Bajaj Reinforcement ',0,0,0,1,'2017-05-09','2017-05-09',1),(177,'Bakliwal Tutorials IIT','Bakliwal Tutorials','Bakliwal Tutorials IIT','Bakliwal Tutorials',0,0,0,1,'2017-04-05','2017-04-05',1),(178,'Burohappold Engineering','Burohappold Engineering','Burohappold Engineering','Burohappold Engineering',0,0,0,1,'2017-01-25','2017-01-25',1),(179,'Calderys India Refarctories Ltd.','Calderys','Calderys India Refarctories Ltd.','Calderys',0,0,0,1,'2017-02-17','2017-02-17',1),(180,'CatalyseR Eduventures (India) Pvt. Ltd.','CatalyseR Eduventures','CatalyseR Eduventures (India) Pvt. Ltd.','CatalyseR Eduventures',0,0,0,1,'2017-03-22','2017-03-22',1),(181,'DirectI','DirectI','DirectI','DirectI',0,0,0,1,'2016-08-02','2016-08-02',1),(182,'IMS Nagpur','IMS Nagpur','IMS Nagpur','IMS Nagpur',0,0,0,1,'2017-02-07','2017-02-07',1),(183,'India Power Corp. Ltd.','India Power','India Power Corp. Ltd.','India Power',0,0,0,1,'2017-05-23','2017-05-23',1),(184,'JMCPROJECTS(I) Ltd','JMCPROJECTS(I)','JMCPROJECTS(I) Ltd','JMCPROJECTS(I)',0,0,0,1,'2017-03-22','2017-03-22',1),(185,'JSW Steel','JSW Steel','JSW Steel','JSW Steel',0,0,0,1,'2017-04-03','2017-04-03',1),(186,'Jubilant Life Sciences Ltd.','Jubilant','Jubilant Life Sciences Ltd.','Jubilant',0,0,0,1,'2017-02-17','2017-02-17',1),(187,'KPIT Technologies','KPIT Technologies','KPIT Technologies','KPIT Technologies',0,0,0,1,'2017-04-10','2017-04-10',1),(188,'Metlok Pvt Ltd.','Metlok','Metlok Pvt Ltd.','Metlok',0,0,0,1,'2017-02-17','2017-02-17',1),(189,'MIDHANI','MIDHANI','MIDHANI','MIDHANI',0,0,0,1,'2017-04-11','2017-04-11',1),(190,'Nagpur Metro Rail Co. Ltd.','Nagpur Metro','Nagpur Metro Rail Co. Ltd.','Nagpur Metro',0,0,0,1,'2017-06-23','2017-06-23',1),(191,'NSEIT Ltd.','NSEIT','NSEIT Ltd.','NSEIT',0,0,0,1,'2016-08-23','2016-08-23',1),(192,'ONGC Petro additions Ltd.','ONGC Petro additions','ONGC Petro additions Ltd.','ONGC Petro additions',0,0,0,1,'2017-04-10','2017-04-10',1),(193,'Orient Cement','Orient Cement','Orient Cement','Orient Cement',0,0,0,1,'2017-04-04','2017-04-04',1),(194,'PepsiCo India Holdings','PepsiCo','PepsiCo India Holdings','PepsiCo',0,0,0,1,'2016-12-27','2016-12-27',1),(195,'Pitambari Products Pvt. Ltd.','Pitambari Products','Pitambari Products Pvt. Ltd.','Pitambari Products',0,0,0,1,'2017-06-16','2017-06-16',1),(196,'PT Education Raipur','PT Education Raipur','PT Education Raipur','PT Education Raipur',0,0,0,1,'2017-05-05','2017-05-05',1),(197,'Reliance Industries-Petrochemical Business','Reliance','Reliance Industries-Petrochemical Business','Reliance',0,0,0,1,'2017-02-23','2017-02-23',1),(198,'Samsung R&D Institute, Noida','Samsung','Samsung R&D Institute, Noida','Samsung',0,0,0,1,'2016-12-20','2016-12-20',1),(199,'Simplex Infrastructure Ltd.','Simplex Infrastructure','Simplex Infrastructure Ltd.','Simplex Infrastructure',0,0,0,1,'2017-05-08','2017-05-08',1),(200,'Tal Manufacturing Solutions Ltd.','Tal','Tal Manufacturing Solutions Ltd.','Tal',0,0,0,1,'2017-05-05','2017-05-05',1),(201,'Techture Structures Pvt. Ltd.','Techture Structures','Techture Structures Pvt. Ltd.','Techture Structures',0,0,0,1,'2017-02-22','2017-02-22',1),(202,'Viraj Profiles Ltd.','Viraj Profiles','Viraj Profiles Ltd.','Viraj Profiles',0,0,0,1,'2017-05-09','2017-05-09',1),(203,'WSP Parsons Brinkerhoff','WSP Parsons Brinkerhoff','WSP Parsons Brinkerhoff','WSP Parsons Brinkerhoff',0,0,0,1,'2017-02-16','2017-02-16',1);
/*!40000 ALTER TABLE `portalapp_company_table` ENABLE KEYS */;
UNLOCK TABLES;

--
-- Table structure for table `portalapp_department`
--

DROP TABLE IF EXISTS `portalapp_department`;
/*!40101 SET @saved_cs_client     = @@character_set_client */;
/*!40101 SET character_set_client = utf8 */;
CREATE TABLE `portalapp_department` (
  `id` int(11) NOT NULL AUTO_INCREMENT,
  `short_name` longtext,
  `long_name` longtext,
  `display_name` longtext,
  `program` longtext,
  `degree_level` longtext,
  PRIMARY KEY (`id`)
) ENGINE=InnoDB AUTO_INCREMENT=9 DEFAULT CHARSET=latin1;
/*!40101 SET character_set_client = @saved_cs_client */;

--
-- Dumping data for table `portalapp_department`
--

LOCK TABLES `portalapp_department` WRITE;
/*!40000 ALTER TABLE `portalapp_department` DISABLE KEYS */;
INSERT INTO `portalapp_department` VALUES (1,'CSE','Computer Science and Engineering','CSE','B.Tech.','B.Tech.'),(2,'ECE','Electronics and Communication Engineering','ECE','B.Tech.','B.Tech.'),(3,'MEC','Mechanical Engineering','MEC','B.Tech.','B.Tech.'),(4,'CME','Chemical Engineering','CME','B.Tech.','B.Tech.'),(5,'MIN','Mining Engineering','MIN','B.Tech.','B.Tech.'),(6,'MME','Metallurgical and Materials Engineering','MME','B.Tech.','B.Tech.'),(7,'EEE','Electrical and Electronics Engineering','EEE','B.Tech.','B.Tech.'),(8,'CIV','Civil Engineering','CIV','B.Tech.','B.Tech.');
/*!40000 ALTER TABLE `portalapp_department` ENABLE KEYS */;
UNLOCK TABLES;

--
-- Table structure for table `portalapp_difficulty_type`
--

DROP TABLE IF EXISTS `portalapp_difficulty_type`;
/*!40101 SET @saved_cs_client     = @@character_set_client */;
/*!40101 SET character_set_client = utf8 */;
CREATE TABLE `portalapp_difficulty_type` (
  `id` int(11) NOT NULL AUTO_INCREMENT,
  `display_name` longtext NOT NULL,
  `description` longtext NOT NULL,
  PRIMARY KEY (`id`)
) ENGINE=InnoDB AUTO_INCREMENT=4 DEFAULT CHARSET=latin1;
/*!40101 SET character_set_client = @saved_cs_client */;

--
-- Dumping data for table `portalapp_difficulty_type`
--

LOCK TABLES `portalapp_difficulty_type` WRITE;
/*!40000 ALTER TABLE `portalapp_difficulty_type` DISABLE KEYS */;
INSERT INTO `portalapp_difficulty_type` VALUES (1,'Easy','Easy'),(2,'Difficult','Difficult'),(3,'Medium','Medium');
/*!40000 ALTER TABLE `portalapp_difficulty_type` ENABLE KEYS */;
UNLOCK TABLES;

--
-- Table structure for table `portalapp_experience_internship`
--

DROP TABLE IF EXISTS `portalapp_experience_internship`;
/*!40101 SET @saved_cs_client     = @@character_set_client */;
/*!40101 SET character_set_client = utf8 */;
CREATE TABLE `portalapp_experience_internship` (
  `id` int(11) NOT NULL AUTO_INCREMENT,
  `criteria` varchar(500) DEFAULT NULL,
  `onoffcampus` int(11) NOT NULL,
  `package` double DEFAULT NULL,
  `cgpa` double DEFAULT NULL,
  `num_of_rounds` int(11) NOT NULL,
  `other_comments` longtext NOT NULL,
  `timestamp` datetime NOT NULL,
  `valid` int(11) NOT NULL,
  `cdr_id_id` int(11) DEFAULT NULL,
  `profile_id` int(11) DEFAULT NULL,
  `round1_text_id` int(11) DEFAULT NULL,
  `round2_text_id` int(11) DEFAULT NULL,
  `round3_text_id` int(11) DEFAULT NULL,
  `round4_text_id` int(11) DEFAULT NULL,
  `round5_text_id` int(11) DEFAULT NULL,
  `round6_text_id` int(11) DEFAULT NULL,
  `userid_id` int(11) NOT NULL,
  `selected` int(11) NOT NULL,
  PRIMARY KEY (`id`),
  KEY `D1cf10747ed82a90f40fab8b7fdb4207` (`cdr_id_id`),
  KEY `portalapp_experience_internship_83a0eb3f` (`profile_id`),
  KEY `portalapp_experience_internship_aa922236` (`round1_text_id`),
  KEY `portalapp_experience_internship_ee0331d8` (`round2_text_id`),
  KEY `portalapp_experience_internship_e1367d66` (`round3_text_id`),
  KEY `portalapp_experience_internship_bcc892e3` (`round4_text_id`),
  KEY `portalapp_experience_internship_36a376a5` (`round5_text_id`),
  KEY `portalapp_experience_internship_0fac9153` (`round6_text_id`),
  KEY `portalapp_experience_internship_3b029f5a` (`userid_id`),
  CONSTRAINT `b51247d017d57a9c430d96319925bccc` FOREIGN KEY (`round4_text_id`) REFERENCES `portalapp_interviewround_details` (`id`),
  CONSTRAINT `b6af837c1c6f019f2c8b0e4dcd06192d` FOREIGN KEY (`round2_text_id`) REFERENCES `portalapp_interviewround_details` (`id`),
  CONSTRAINT `c68441ee266d2efc9055c86d3366be78` FOREIGN KEY (`round1_text_id`) REFERENCES `portalapp_interviewround_details` (`id`),
  CONSTRAINT `D1cf10747ed82a90f40fab8b7fdb4207` FOREIGN KEY (`cdr_id_id`) REFERENCES `portalapp_company_department_relation` (`id`),
  CONSTRAINT `D3cbe15413ed250de91b90286e43a1d1` FOREIGN KEY (`round6_text_id`) REFERENCES `portalapp_interviewround_details` (`id`),
  CONSTRAINT `D4249fda161473a53c40d6bc2ebb6c7e` FOREIGN KEY (`userid_id`) REFERENCES `portalapp_personinformation` (`clg_id`),
  CONSTRAINT `e8a9855ebc1c62602b967194210c0cc2` FOREIGN KEY (`round3_text_id`) REFERENCES `portalapp_interviewround_details` (`id`),
  CONSTRAINT `f517e5583c79b06527fa37c5ab0a765c` FOREIGN KEY (`round5_text_id`) REFERENCES `portalapp_interviewround_details` (`id`),
  CONSTRAINT `portala_profile_id_5181552c67014de6_fk_portalapp_profile_type_id` FOREIGN KEY (`profile_id`) REFERENCES `portalapp_profile_type` (`id`)
) ENGINE=InnoDB AUTO_INCREMENT=27 DEFAULT CHARSET=latin1;
/*!40101 SET character_set_client = @saved_cs_client */;

--
-- Dumping data for table `portalapp_experience_internship`
--

LOCK TABLES `portalapp_experience_internship` WRITE;
/*!40000 ALTER TABLE `portalapp_experience_internship` DISABLE KEYS */;
INSERT INTO `portalapp_experience_internship` VALUES (2,'6+ CGPA',1,15000,7.59,2,'  Do not panic, the interviewers also are under stress.\r\nAnswer precisely, do not beat around the bush (if you know what i mean)\r\nAsk questions, they do like it.','2017-02-28 12:09:03',1,2,1,6,7,NULL,NULL,NULL,NULL,15588,1),(3,'7+ CGPA',1,20000,7.62,2,'* Knowledge of databases and cloud will give you benefit\r\n* Interviewer can ask tricky questions based on projects/Internships (listed in resume)\r\n\r\n','2017-02-28 18:16:43',1,3,1,8,9,NULL,NULL,NULL,NULL,15862,1),(4,'Company had a pointer criteria',1,40000,8.54,2,' Always have a hurray moment either you are selected or rejected.','2017-03-01 18:04:24',1,4,7,10,11,NULL,NULL,NULL,NULL,15786,1),(5,'No criteria',1,25000,8.54,2,'Geeksforgeek provides all these kind of questions with solution. A good platform for preparation.','2017-03-01 18:04:24',1,5,7,12,13,NULL,NULL,NULL,NULL,15786,0),(6,'CGPA 7.0 and above; No Backlogs; CSE, ECE, EEE',1,30000,7.62,4,'Stay calm, and don\'t make silly mistakes. Keep your basics crystal clear. Enjoy giving the interview. All the best :)\r\nSelected 5 students for the internship(I was one of them :)!)\r\nOverall, it was a good experience, and a memorable one too!','2017-03-01 19:14:19',1,6,1,14,15,16,17,NULL,NULL,15630,1),(7,'Initial pointer cutoff to be eligible for the test was 8 which was then increased.',1,40000,9.1,3,' For Citi, just be thorough with the basic data structures and sorting algorithms. The most difficult coding questions will probably be in the online round itself. In the interviews, it gets easier. Good communication skills can be your X-factor. And reiterating one of my aforesaid points, be honest in the HR interview and you\'ll nail it. All the best! :)','2017-03-02 08:04:37',1,4,1,34,35,36,NULL,NULL,NULL,15615,1),(8,'CGPA 7.0 and above; No Backlogs; CSE, ECE, EEE',1,30000,9.23,4,' It is an easy interview overall to clear, provided that you are really aiming for this company with a proper preparation beforehand.\r\nIts a great company to work in. ALL the BEST !','2017-03-02 08:04:37',1,6,1,37,38,39,40,NULL,NULL,15613,1),(9,'Pointer criteria: 6.5 with no current backlogs ',1,71000,8.43,2,' 1. Never lie and bluff in interview about projects you have not actually done.\r\n 2. Think aloud and be precise in your answers.','2017-03-04 08:43:02',1,12,1,53,54,NULL,NULL,NULL,NULL,15866,1),(10,'8+ but was raised later',1,40000,8.67,3,' Just be yourself. Be very confident about the concepts you know. Never double guess, but be open to code review suggestions. ','2017-03-05 11:03:31',1,4,1,59,60,61,NULL,NULL,NULL,15577,1),(11,'6.0',1,60000,8.1,3,' Interview was good, What is important is to be sure before answering, it\'s ok if you are not able to answer all questions. All the best :)','2017-03-06 09:04:43',1,5,1,65,66,67,NULL,NULL,NULL,15859,1),(12,'B.Tech - pre-final CSE, No current Backlog, No CGPA cut-off',1,30000,9.62,3,' ','2017-03-06 09:04:43',1,8,1,68,69,70,NULL,NULL,NULL,17351,1),(25,'',1,0,0,1,'','2017-07-07 10:58:12',3,NULL,1,111,NULL,NULL,NULL,NULL,NULL,15616,1),(26,'',1,0,0,1,'','2017-07-07 10:58:12',3,NULL,1,112,NULL,NULL,NULL,NULL,NULL,18475,1);
/*!40000 ALTER TABLE `portalapp_experience_internship` ENABLE KEYS */;
UNLOCK TABLES;

--
-- Table structure for table `portalapp_experience_placement`
--

DROP TABLE IF EXISTS `portalapp_experience_placement`;
/*!40101 SET @saved_cs_client     = @@character_set_client */;
/*!40101 SET character_set_client = utf8 */;
CREATE TABLE `portalapp_experience_placement` (
  `id` int(11) NOT NULL AUTO_INCREMENT,
  `criteria` varchar(500) DEFAULT NULL,
  `onoffcampus` int(11) NOT NULL,
  `package` double DEFAULT NULL,
  `cgpa` double DEFAULT NULL,
  `num_of_rounds` int(11) NOT NULL,
  `other_comments` longtext NOT NULL,
  `timestamp` datetime NOT NULL,
  `valid` int(11) NOT NULL,
  `cdr_id_id` int(11) DEFAULT NULL,
  `profile_id` int(11) DEFAULT NULL,
  `round1_text_id` int(11) DEFAULT NULL,
  `round2_text_id` int(11) DEFAULT NULL,
  `round3_text_id` int(11) DEFAULT NULL,
  `round4_text_id` int(11) DEFAULT NULL,
  `round5_text_id` int(11) DEFAULT NULL,
  `round6_text_id` int(11) DEFAULT NULL,
  `userid_id` int(11) NOT NULL,
  `selected` int(11) NOT NULL,
  PRIMARY KEY (`id`),
  KEY `a6567ebce2c8a9ce39750c1f0efb01ba` (`cdr_id_id`),
  KEY `portalapp_experience_placement_83a0eb3f` (`profile_id`),
  KEY `portalapp_experience_placement_aa922236` (`round1_text_id`),
  KEY `portalapp_experience_placement_ee0331d8` (`round2_text_id`),
  KEY `portalapp_experience_placement_e1367d66` (`round3_text_id`),
  KEY `portalapp_experience_placement_bcc892e3` (`round4_text_id`),
  KEY `portalapp_experience_placement_36a376a5` (`round5_text_id`),
  KEY `portalapp_experience_placement_0fac9153` (`round6_text_id`),
  KEY `portalapp_experience_placement_3b029f5a` (`userid_id`),
  CONSTRAINT `a6567ebce2c8a9ce39750c1f0efb01ba` FOREIGN KEY (`cdr_id_id`) REFERENCES `portalapp_company_department_relation` (`id`),
  CONSTRAINT `b4d0887f820168d41c75f00833fddea9` FOREIGN KEY (`round4_text_id`) REFERENCES `portalapp_interviewround_details` (`id`),
  CONSTRAINT `D12d1d468c8e68cc2537401d802d1995` FOREIGN KEY (`userid_id`) REFERENCES `portalapp_personinformation` (`clg_id`),
  CONSTRAINT `D23522577db37c012d4433b211c26cc4` FOREIGN KEY (`round3_text_id`) REFERENCES `portalapp_interviewround_details` (`id`),
  CONSTRAINT `D23da4db554e0bb38487fbab1ebb5d58` FOREIGN KEY (`round6_text_id`) REFERENCES `portalapp_interviewround_details` (`id`),
  CONSTRAINT `D37064c88403851025c2627bc620ed73` FOREIGN KEY (`round2_text_id`) REFERENCES `portalapp_interviewround_details` (`id`),
  CONSTRAINT `D50f3a1bd679f232e36d815d02f99aec` FOREIGN KEY (`round5_text_id`) REFERENCES `portalapp_interviewround_details` (`id`),
  CONSTRAINT `dfe3eae756d94f53587fe51b847552f7` FOREIGN KEY (`round1_text_id`) REFERENCES `portalapp_interviewround_details` (`id`),
  CONSTRAINT `portala_profile_id_5ff42e3be7e8838e_fk_portalapp_profile_type_id` FOREIGN KEY (`profile_id`) REFERENCES `portalapp_profile_type` (`id`)
) ENGINE=InnoDB AUTO_INCREMENT=15 DEFAULT CHARSET=latin1;
/*!40101 SET character_set_client = @saved_cs_client */;

--
-- Dumping data for table `portalapp_experience_placement`
--

LOCK TABLES `portalapp_experience_placement` WRITE;
/*!40000 ALTER TABLE `portalapp_experience_placement` DISABLE KEYS */;
INSERT INTO `portalapp_experience_placement` VALUES (5,'Summer Intern at Morgan Stanley',0,1600000,7.62,3,'Unlike other companies, who give PPO to interns solely based on their performance, here at Morgan Stanley, your performance doesn\'t matter. What matters is how well you perform at the interviews. So the future interns, prepare for the interviews thoroughly.\r\nFinally, they gave Pre-Placement Offers to 10 out of 28 interns(I was not selected :(!)','2017-03-01 19:14:19',1,6,1,18,19,20,NULL,NULL,NULL,15630,0),(6,'CGPA 6.0 and above; No backlogs; CSE, ECE, EEE',1,1200000,7.62,3,'Don\'t be surprised if you fare well at the interviews and didn\'t get selected. The company randomly selects students.\r\nSelected 9 students (I was not selected :(!)','2017-03-01 19:14:19',1,7,1,21,22,23,NULL,NULL,NULL,15630,0),(7,'The company had a pointer criteria of 6.0 and no current backlogs.',1,1200000,8.81,5,' ','2017-03-01 19:14:19',1,8,7,24,25,26,27,28,NULL,16014,1),(8,'CGPA 7.0 and above; No backlogs; CSE, ECE, EEE',1,750000,7.62,5,'The interview questions are easy, just hold your nerve and stick to the basics. Be EXTREMELY STRONG in concepts, and don\'t commit \'unforced errors\'. Moreover, unlike other services-based companies or investment banks, Oracle is a product-based company, and you have a FAST CAREER GROWTH here, and you would be usually be having an upper hand over the ones working at service-based companies or at investment banks.\r\nSelected 7 students (I was selected :)!)','2017-03-01 19:14:19',1,9,7,29,30,31,32,33,NULL,15630,1),(9,'6.0',1,2700000,7.6,5,' If you want a placement/internship at amazon start doing competitive coding or be ready to mug up entire geeksforgeeks.org.\r\nAnd don\'t panic during the interview the panelists are very friendly. If you are struck at a point or did not understand the question properly ask them multiple times. Also dont hesitate to discuss even the most lames\'t solution and don\'t be mum keep on speaking to the panelist what are you currently thinking this shows that you are making some progress and sometims the panelist me give some hints without even you asking for it. Of course you can always ask for some hints here and there.\r\nAfter each round the panelist asks you whether you have any questions make sure you utilise this opportunity and ask some relevent questions this will help you learn more about the firm and the working conditions there.\r\nPrepare atleast one of these subjects really well operating systems, computer networkng and DBMS. ','2017-03-02 08:04:37',1,8,1,41,42,43,44,45,NULL,15858,1),(10,'CGPA 6.0 and above;NO backlogs ; CSE,ECE ,EEE',1,885000000,7.2,4,'Going through DSPD-1 and DSPD-2 would be most helpful','2017-03-02 08:04:37',1,10,1,46,47,48,49,NULL,NULL,15774,1),(11,'CGPA - 7.0',1,800000,7.86,3,'1. Keep your basics clear.\r\n2. Stay Calm.\r\n3. Go with the flow. No need to panic. Interviewer is just another human being like yourself :P Its just a normal conversation about things you have already done and studied.\r\nFeel Free to contact anytime. Good Luck! :)\r\n','2017-03-02 08:04:37',1,11,7,50,51,52,NULL,NULL,NULL,15649,1),(12,'CGPA-6.0 and no current backlogs.',1,885000,8.92,4,' Just be cool. It is always ok not to know everything they ask. Just tell them that you are not much familiar with the topic but would be zealous to learn it. At such times, they look for an eagerness to learn and try to drift the interview in the area of your expertise, if given a chance.','2017-03-04 08:43:02',1,13,1,55,56,57,58,NULL,NULL,15575,1),(13,'Above 7 cgpa',1,600000,8.85,3,' The first two rounds were crictical so those who are aspiring to work in Siemens will have to start practising aptitude questions atleast 2 months prior to the test.I would recommend you to prepare for this in summer vacations.For the interview you just need to maintain composure and if you are lucky enough then the interviewer will himself make you feel relaxed.Always ask 2 -3 questions at the end of the interview .It would show your eagerness to join the company.','2017-03-06 09:04:43',1,14,6,62,63,64,NULL,NULL,NULL,15598,1);
/*!40000 ALTER TABLE `portalapp_experience_placement` ENABLE KEYS */;
UNLOCK TABLES;

--
-- Table structure for table `portalapp_forgotpasskeys`
--

DROP TABLE IF EXISTS `portalapp_forgotpasskeys`;
/*!40101 SET @saved_cs_client     = @@character_set_client */;
/*!40101 SET character_set_client = utf8 */;
CREATE TABLE `portalapp_forgotpasskeys` (
  `id` int(11) NOT NULL AUTO_INCREMENT,
  `key` varchar(20) DEFAULT NULL,
  `is_valid` tinyint(1) NOT NULL,
  `timestamp` datetime NOT NULL,
  `user_id` int(11),
  PRIMARY KEY (`id`),
  KEY `portalapp_forgotpasskeys_e8701ad4` (`user_id`),
  CONSTRAINT `portalapp_user_id_5ccc7123_fk_portalapp_personinformation_clg_id` FOREIGN KEY (`user_id`) REFERENCES `portalapp_personinformation` (`clg_id`)
) ENGINE=InnoDB AUTO_INCREMENT=6 DEFAULT CHARSET=latin1;
/*!40101 SET character_set_client = @saved_cs_client */;

--
-- Dumping data for table `portalapp_forgotpasskeys`
--

LOCK TABLES `portalapp_forgotpasskeys` WRITE;
/*!40000 ALTER TABLE `portalapp_forgotpasskeys` DISABLE KEYS */;
INSERT INTO `portalapp_forgotpasskeys` VALUES (1,'RkfwzxxToa',0,'2017-07-02 10:43:28',19029),(2,'Kd2Hx0cwtZ',0,'2017-07-02 10:50:56',19029),(3,'fc29KQN85w',0,'2017-07-02 11:20:19',15616),(4,'LjQagxZyH6',0,'2017-07-02 11:20:19',15588),(5,'3VLIgYmcHs',0,'2017-07-02 11:20:19',15567);
/*!40000 ALTER TABLE `portalapp_forgotpasskeys` ENABLE KEYS */;
UNLOCK TABLES;

--
-- Table structure for table `portalapp_forlogin`
--

DROP TABLE IF EXISTS `portalapp_forlogin`;
/*!40101 SET @saved_cs_client     = @@character_set_client */;
/*!40101 SET character_set_client = utf8 */;
CREATE TABLE `portalapp_forlogin` (
  `id` int(11) NOT NULL AUTO_INCREMENT,
  `password` varchar(500) DEFAULT NULL,
  `clg_id_id` int(11) NOT NULL,
  PRIMARY KEY (`id`),
  KEY `portalapp_forlogin_cfce2944` (`clg_id_id`),
  CONSTRAINT `a18827cdd4d8e1d9877957a1b1c0c04b` FOREIGN KEY (`clg_id_id`) REFERENCES `portalapp_personinformation` (`clg_id`)
) ENGINE=InnoDB AUTO_INCREMENT=304 DEFAULT CHARSET=latin1;
/*!40101 SET character_set_client = @saved_cs_client */;

--
-- Dumping data for table `portalapp_forlogin`
--

LOCK TABLES `portalapp_forlogin` WRITE;
/*!40000 ALTER TABLE `portalapp_forlogin` DISABLE KEYS */;
INSERT INTO `portalapp_forlogin` VALUES (41,'pbkdf2_sha256$20000$bYSEUstbccnu$3Fwe8j4qO+oJOQhsshrZCclSBkzq4HJvJXHt3u7cAJw=',15581),(42,'pbkdf2_sha256$20000$t6rTsncNvqh4$++Ff0wb2sDOEKn/gc9D56pg/iLpmAumQW7CAd++WcVA=',15570),(43,'pbkdf2_sha256$20000$UPifmgeRy55l$ufNCsa8r7w49frBmGGHsIzdUOKTL0z5+C9KBOh7jhck=',15875),(44,'pbkdf2_sha256$20000$4xE1TSPmnYd3$grq0TcRS6SvgVC6hLlEmJNKFXSSmGPjPJ8GfntyDFkY=',15794),(45,'pbkdf2_sha256$20000$JyCFGCE2bjUt$RfnkVVmqvrNVb4kSSqaoqjF1I62VJ+mRIi45x32ShDw=',15595),(46,'pbkdf2_sha256$20000$y5ZtOkm22b3T$KDsKRoL7hOSs4fTnr1+AdbGHlzzR49iq7HnLpoIscJQ=',15592),(47,'pbkdf2_sha256$20000$hzsgvxtMzhJ3$iTY34jZTzzOIQhUeTeyHr33ZW9VlVryXYoHnVteyyLo=',15615),(48,'pbkdf2_sha256$20000$8ha14tqYjMjL$Rq4dCwW9mTzsdHt3ut4mecteOe3QFr8R4w9tm10QV1Y=',15630),(49,'pbkdf2_sha256$20000$w4G3uJnU2XsH$FaSJeBH6ayeMN8Gs6umUweC1R4g90krp66wFxAtcDLA=',16499),(50,'pbkdf2_sha256$20000$zSlHPQaHopkF$8pat0ybk5BFty1DwJkNio8neDuwSYFwbBDQucFlSiKg=',15774),(51,'pbkdf2_sha256$20000$TPvjbf2Kez34$HV0cx+vH+Ynan2pnK1WJho51xbCG7MWL5PuH7sPwnQI=',15550),(52,'pbkdf2_sha256$20000$zwmXwQQOLQAG$qTjYP3MQr46p6LjUDtkeDJfOd8AzkNzDK+/dRkbNvwA=',15769),(53,'pbkdf2_sha256$20000$jfPoBJDJ87Vk$xz5w03j03xo4PC41pkoLfdR8SHqouD8rExfh8ZuH4fI=',16003),(54,'pbkdf2_sha256$20000$fv1TTinR74lC$uWYrfUU7SbSEgT+Rzh1PyJrCdhv/Mj8BwHV+FNTT7YI=',15762),(55,'pbkdf2_sha256$20000$rFXMaRlh26Lt$6Oiq9OTrrzukfWNuNSdX1wAI236po9SoISuQnnPrK88=',15626),(56,'pbkdf2_sha256$20000$SbNiNRbhhtdo$lT+NSAQhXSQ+Kqtt4AkgFPDBDmlGnLBRg30iGBMVhto=',15572),(57,'pbkdf2_sha256$20000$n9GMPON86b1d$wGAEn8+uJ5IVq/J/ZLNVEiJuSmqCw8CNGuVj1xPLcWM=',15787),(58,'pbkdf2_sha256$20000$6dtW3hrfeF2G$sXYMm766nHpRXATndpN5dzuhlIILjqNyl1mNmqc5C0g=',15563),(59,'pbkdf2_sha256$20000$Aj3SjigUvGdo$uzPEfUvs8UrX4JkwcNnPZWbOuBCyKD4lXC8AWEqUcxw=',15599),(60,'pbkdf2_sha256$20000$mGVt62LC2Ilm$jW6Ms57i3HJZ3msrzrKN2jkEkMxOx/kZ9eg3z7siU6U=',15995),(61,'pbkdf2_sha256$20000$bOQdQXDgHyus$32JsC5iVri7sqhBMgq5hWoPC2vTfEDPILU3/hC92Yks=',15603),(62,'pbkdf2_sha256$20000$n426BUECdBLm$CHA/KCfV7GR0BDNZ8Nrjyae4Htht+SU48yrKIkNV1Dg=',15832),(63,'pbkdf2_sha256$20000$c1wCabyMW9Pk$zvgmfU9E4TS+Jk2ZbZ2yf9dJBwhq+OhBgxIx4aBzu4k=',15833),(64,'pbkdf2_sha256$20000$KkVU0jnRaRIy$D6EahGZHo81eoE1yUgvq8NoRc25SGIFEuNbLpYGAaDY=',15795),(65,'pbkdf2_sha256$20000$D1wx79AqhLZ7$oypiuin50xrZB14tUoklctietb7Q4AHxFW+nBBNoNpk=',16058),(66,'pbkdf2_sha256$20000$7IDFpsXsPuDE$37TotC1DnkQ+cSAJ17ML+ApNyLRTtd40u5tCHYBY/AU=',16120),(67,'pbkdf2_sha256$20000$eaA547PkxgSy$Vsw8bhuoFCJdSAj2ggFqlOljeU6AIFkuAGk2rO6tyB4=',15558),(68,'pbkdf2_sha256$20000$QNzTBz5AqVmh$9bDhdFSu6h4h6KgNJEkkrIQRTdUTJy2I0V/MyMAhK14=',15616),(69,'pbkdf2_sha256$20000$GctqCLrHCfG4$JooFqEiV8Z5oMcyk7sVRZZ3vTJ9KQFJ0NUbniq1Teh4=',15824),(70,'pbkdf2_sha256$20000$EoFAJiiLckbw$gIjyujmj95yz1gan2jbNAvImocpuDEWmvGEncJplKmc=',15866),(71,'pbkdf2_sha256$20000$CrQGLfJXZh76$zti3OIZEW2jXjx3tvB6AcIOHNtksOSQHw52GEU6mJmc=',15567),(72,'pbkdf2_sha256$20000$A0YXJUlyFyLg$KXbLx4OpTIOmND/2wHcvCvhtIYWIv+6rSQkG7CksMMk=',15600),(73,'pbkdf2_sha256$20000$J9BuSuOUJkSl$b1n5y7jzY/a0ErJbMTX72JZWEdQQ+URJEpi7D96rVtE=',15551),(74,'pbkdf2_sha256$20000$B6OdN5RptluV$DP/GBdK9trKn58TYdc+8d0/d0v0bnejAASKaY7yn3os=',16002),(75,'pbkdf2_sha256$20000$rUf7QYGiQ1wZ$5fGUwtWbh8dze0tFaoflTjaXS5F9xwjEXjZ932Qisgw=',15812),(76,'pbkdf2_sha256$20000$bo4NZEoesPic$O9tnpY7wLVjdjc4E+1rLJrZclM5CCnbgMimZ1CNLX28=',15610),(77,'pbkdf2_sha256$20000$5dvWxzdeQ01k$lv20l5AKmuh+aiHXDw0iNO29fDHoqPdOILWnFy4daoo=',15629),(78,'pbkdf2_sha256$20000$5y3HFR7sA76A$ngZW/CIny4VNlf3E23eSZNdXTDwQnsoK2QaObSq0mLk=',16094),(79,'pbkdf2_sha256$20000$QWlakkVy7kp5$HtPUe6tIRVp7hoGM4kCu7xi6/yHUkbMOFZZiNDhfCmc=',15594),(80,'pbkdf2_sha256$20000$5He2MvazlMBO$HTwcDzxE7dcGt+kHj0CEStlErrmEkpbExTSKHgomYSU=',16075),(81,'pbkdf2_sha256$20000$o4CnF86VbE1d$OwP3PJwaomvTkz4jnbRu7CcvxCiyPDOrameZt5qVZtk=',15973),(82,'pbkdf2_sha256$20000$ZzkAx96xhCOi$6zqbZm0uQJz4lTks9kEHupRc0wk4FmRwVYt3h9hieJU=',15858),(83,'pbkdf2_sha256$20000$gde8NBqKPk0c$q+Xdoo4bL1CRLatXgsmQ7Ig1Tr21ubBhREx9dc6qhlY=',15554),(84,'pbkdf2_sha256$20000$KfsOJEPEJd6o$twYEVdogPPDDE+GoGlY04+DOnqLni0t12JxFrIZ3nUk=',15559),(85,'pbkdf2_sha256$20000$hmtxdoREf3Gw$DCI971+x1kHTQy08ufhAVUjAPaBF20/S478RTzLXUn4=',15555),(86,'pbkdf2_sha256$20000$oNWwssCSVIiv$3+Je8NxMV40W2m0XoCCt/WuSDLNzbpYNSftZT0gjNS8=',15971),(87,'pbkdf2_sha256$20000$GWU7O7mFr4rz$ByJCjLN2LCqpNRaKiwsO0gHXX/n5LLm3QUzRkVf4HLk=',15765),(88,'pbkdf2_sha256$20000$tkHWPlFbsEYR$o333fDmrIc+PGYmOOag68AWXM/Y421Fmi88g3a8/xBE=',15780),(89,'pbkdf2_sha256$20000$Ek1I1yYax6cy$RLNInHTVclMzZ6THFElI9Pg/P29oelF1H70XYHXym+4=',15557),(90,'pbkdf2_sha256$20000$H8yotN1JzCQh$FsC2EaxaSU7X1ooNZb3P4j0Oamo2Li4x1duWTtodUZI=',15577),(91,'pbkdf2_sha256$20000$ZWlhfEIrppsy$jualX0fGR14vIxN4hpUfg70IyccUqpFUTy5YvtoZTsc=',15835),(92,'pbkdf2_sha256$20000$55se5jfkxbWi$egXwNIqkIJC0kRl2mhzMpoWrQnTHAdyXWwuJsNRJE1U=',16006),(93,'pbkdf2_sha256$20000$LVpbtpeYbYfj$92a5ZU3w1Dl0K6jXNhJG8NKd3dPOLV/PnZBkIzoGMa0=',15593),(94,'pbkdf2_sha256$20000$XuShWtR6ooIG$G+WEIDP90/1IF2GXyO41T4VqdoWmaS3OtX/thDslsaM=',15589),(95,'pbkdf2_sha256$20000$1IRNmarjVdL0$kPe0pl2Ainu7OgtODZYBzheeXOV4QJHKsxSekaVyYLg=',16106),(96,'pbkdf2_sha256$20000$887epf57QqOy$Ta1bNZqirrfBVBkQ0P1tNKb+1QdHa2dlbZVvUgBnH0s=',15784),(97,'pbkdf2_sha256$20000$9SfREi8jqGBm$8WtMmwuZYgxiHCK7YWf4xd0lMme6fW5PyQO+MhmMY/0=',15655),(98,'pbkdf2_sha256$20000$wbbJQKThV5MH$sl3mgyIa5Z6Nsj9tu5bRyP1PjKIWz6HGuO63Lq44fFg=',15564),(99,'pbkdf2_sha256$20000$fMizRCU5H3KP$Td43ZIAHACecAVTTvAdn6oBKUPZIw1fEwVdiY/ZxL7o=',15611),(100,'pbkdf2_sha256$20000$ItpbhQSxRoug$5moQpnfLwxk5n9iRrv+0sfuenzYmVIOnk1jU/ed1WPg=',16074),(101,'pbkdf2_sha256$20000$ge0cPRZlkSSq$mdfThz+D97UjZO/grO0S/Ea8thra2mzZ2OD98p9eFl4=',15607),(102,'pbkdf2_sha256$20000$SW7BNFpC14na$W1zykaf+xS+TbAOGXCzxJAsqnZKRmCg7Ijk9teP8+L8=',16078),(103,'pbkdf2_sha256$20000$pnsTVwZq0xug$+zSdUsHQiOWcMkwRHFrlZAW/wkL+8+XspT9TS4ecKCg=',15777),(104,'pbkdf2_sha256$20000$lBXnsF6Mtg8K$3caz2bOlzjj2PWAD2RpE++pHPaj/PczVsSzug6j5iwk=',16105),(105,'pbkdf2_sha256$20000$Bcu1QQ4dcvdM$7ZYjHEH8sht7x6Ahe11Mw70iuM7wQRLH0L5bE4ylsjA=',15562),(106,'pbkdf2_sha256$20000$Id9rdO9KlBWQ$K4YWwX2TiS36AvcxoGdjb5l1lXnbM+Vr/tEGOOnYfY0=',15862),(107,'pbkdf2_sha256$20000$CerAWPcErmq4$3KiO8wPdNJbgZvtDKObKPNzWnh5rT/SvwwKB+rX9IZ4=',16012),(108,'pbkdf2_sha256$20000$GsPYExLx6iaG$ZMxpC1NFDEfZDnMmwuTCLlTMZKZ/I4Eb9r6nO/iJfWo=',15588),(109,'pbkdf2_sha256$20000$EIEcPkTJ9Zh1$KrgccPi0shuBz9rhrCWrqSxKpwW4Wt+0DRjrab8oe/Y=',15612),(110,'pbkdf2_sha256$20000$QGtLbmn3wWKJ$f/AF8Xy4P3dwFKN0Vpo9GNbOfKi37yT5ohLKlaqKvNE=',16504),(111,'pbkdf2_sha256$20000$yz69CLvSZQy1$nIwKPIGsHWosklZG+uEeeSo/nYnkd0sZwEwjia1O7XM=',15622),(112,'pbkdf2_sha256$20000$DUyhdFTmrJuJ$td1cKoJl5PwEdXh2n3ovXvkLRKpIKppNY9wtYkuuch0=',15838),(113,'pbkdf2_sha256$20000$MrOW9TwFar7o$p59tVbvyI9EAtA4Qf4MjLp3Z9IjEfAbBynRNqmvt8F0=',15859),(114,'pbkdf2_sha256$20000$3sjCe6Pvi1Ug$yOchyEw6JeU+F5DsIVuNgdY9q1k88WCvFHJmcluCmME=',15733),(115,'pbkdf2_sha256$20000$7aAcE80EpeSG$wuxbAbgoJQFBC9w/Uy9ZN9IsNGlCIoEJGHCBMSYvxqA=',15608),(116,'pbkdf2_sha256$20000$LcCqaQdrr9pF$XVpBAK/eWKaUip9qZVlw4IQ3KexYrJ8kNQjg004KnGU=',15623),(117,'pbkdf2_sha256$20000$H2xHhKBSJTPr$JRSfBRDJdnlF+KPgj2JsRxByavJ8barI2fl5f9l2os4=',15786),(118,'pbkdf2_sha256$20000$Re7MDlcIo3pI$5M4qJlQOerQkEVHe5540opUxhdIH4tpOprc8GvVgwuQ=',15786),(119,'pbkdf2_sha256$20000$k9ZdIEWOhZau$xe5u3syjPZd2G3VPC/ylmud4PhoGBbHZEDq09Jt6yUM=',15470),(120,'pbkdf2_sha256$20000$eKZjZWiiTb2q$Zk5RpmsmzzR2iwCl9NOVpImyykfFSqX8lVpOtY/rh2I=',15473),(121,'pbkdf2_sha256$20000$2XRoph3VbGQh$/XPvii5mPhm5P4Yr+HX4fI+otKfFQkVbvaUF6avONd8=',16496),(122,'pbkdf2_sha256$20000$6HW4Nr8YyKAB$Y+IM4rsU7tcWB6/c7yHVpaAbqK7y32ahAGB2+SGoQqU=',15469),(123,'pbkdf2_sha256$20000$pgimTtK1CSxw$ItnQcS4gJaLiUBBlnZUUauz0RKMztp5tIGFs+z5jyP8=',15586),(124,'pbkdf2_sha256$20000$WtgzScRvnpAQ$JwFp/zVkCuR6M08ba57xmA7ouPragKQh8chsvaRQvA4=',16014),(125,'pbkdf2_sha256$20000$kSzrv08ixixF$RqtCGDnh6jrnacX2lvC6zvsmE0m3wBpK8N+HH9CEOck=',15590),(126,'pbkdf2_sha256$20000$ShEtpc5fP09r$8Xd/M7H92gRXfnNx7HeEVJKmxjEOR1fUUpHO7E10jZ0=',15590),(127,'pbkdf2_sha256$20000$yGDdweHWfkHc$+DhoZuFsrUKzg4FxcHjzglmG6CcRpumjTE8gUejRCco=',15590),(128,'pbkdf2_sha256$20000$V3hKixgiNOd2$CTt4AusSrnztHKfV1/KdmrFmk5fD4KTfHlmMC+kn0+Q=',15649),(129,'pbkdf2_sha256$20000$g6Fiy44xk7N4$LRXpOUc+3jNNlLkrPeiuqGv+/Y3xUNiGZ9015JTU0o8=',15617),(130,'pbkdf2_sha256$20000$Enu0dRst5X9v$uQ8WiiREX/KuPI49tTHGOAJGPX6UzI8Y4c056rPWT68=',15695),(131,'pbkdf2_sha256$20000$C1JgBwbHLQub$UBAnkPeU8tyfhzbBPNHKbz7pnZ5c4Pou3+8ni5jlCAA=',15613),(132,'pbkdf2_sha256$20000$ocU9mqi5QMz5$NPoFtcvqsl0Z/GpXtpQYbSxjIDVhX2dDseBaC/ikFaQ=',17136),(133,'pbkdf2_sha256$20000$IdPLXMDhh4Cb$RoeQfVRQmehC7oy7ElmGc5JINpUq8Y4uZ8/ew9mXEG4=',17100),(134,'pbkdf2_sha256$20000$MYdHB7dUk4oI$ao+9lyj8EVAg5E8ax5sMkVDZmmCuO5/RiFNqWVOfu6E=',17255),(135,'pbkdf2_sha256$20000$rUsWjkoTbGuC$loV7xirmO2P3Oqhu4dLRI39nBwWowENB2e7mS4JO8rM=',17236),(136,'pbkdf2_sha256$20000$NzqJCE3dFERs$b2NrbaWQiX2/81M//g4olIzdAKMvS9EH5TJ6x4FZhAg=',17146),(137,'pbkdf2_sha256$20000$W3Mxw9IQiLXD$BugzDmGxcjHkfcJa/UxqWpNFe4+Twfh9f3hYKQq4+o4=',16956),(138,'pbkdf2_sha256$20000$QjQCl9YqwWmU$oD3+k2NZ6VCbtrUKCWWgwkKYCsjiNsn+fkco68FGneI=',17211),(139,'pbkdf2_sha256$20000$H9nVD4NrmogB$WuW3E1aMQ+rZnoXJdCThPbg+9j0ai2kbD7eI6OQL1J8=',17111),(140,'pbkdf2_sha256$20000$RIaAjJ3stlYK$+xDrqMRjQAuCsnt9p2ZfM4Kb6RSeM7n8MYmacVwhtxA=',17263),(141,'pbkdf2_sha256$20000$iQwiPsmKPBbL$QEG/h/ImRgiFxNFuQSxcXyHsJyb4+Hb16WGhcgoR2fY=',17318),(142,'pbkdf2_sha256$20000$r4pJmdV0q6Yf$vF7BFvGw3HEjem1m/XNTOwDilvidggBivnc0LlJigh0=',16998),(143,'pbkdf2_sha256$20000$lyLYHlhu7TBH$iONv9MjNcpwfALOW43+Ob1HLL0TtEsZuZPxRskxNWSc=',17744),(144,'pbkdf2_sha256$20000$YMMFnjtE67X0$rNlXZNrvn5/tosIAzSw5puGIerM10Qq61RvvE4TRMDM=',17112),(145,'pbkdf2_sha256$20000$ZNAVj9bHcdMc$KrXkYPJk84BVpSrpd2JvpB+CXcO2fCZPitH9RKgBbi8=',17053),(146,'pbkdf2_sha256$20000$pd6C9FYEXXly$lCIWCujuVVyXxPfLFU7SIkiCDc7J28uIR0ZD8Oa65E0=',17191),(147,'pbkdf2_sha256$20000$dhp33IrPA7OQ$K/olttIBWMoGOOWsoZfmTczhX9GId7nvQXY2fu3Sn0I=',17036),(148,'pbkdf2_sha256$20000$jTsvdrSLd0Lw$Ipz1jVjwqn+hFRFxgdzMQ8Iyol6BomA+EcLevPdICMk=',17339),(149,'pbkdf2_sha256$20000$fVcNYY0CsVmp$LrRtumvP0txQutseSF7xgyMuJZqdLljFSS6Xphm0WoA=',17652),(150,'pbkdf2_sha256$20000$sBUNfR9TQDEM$McUjldFVS1tPDCG25j7vBKoHZXEEkXXDXs+KsvovSZw=',17171),(151,'pbkdf2_sha256$20000$66NnSqnV2MK2$68UQQMo4fkjyola2590c+u2vuydEgdfcowKDijZqALs=',17051),(152,'pbkdf2_sha256$20000$LnYodraBcSmr$vQA11/ygSrG4M2P8SvqV1XIbDIjJ1cDtJwhyWK0kSzs=',17067),(153,'pbkdf2_sha256$20000$BBiGTzUoPLH3$b6ElVyeBjzxFDrpPr+cqZbw63/SSOjslCIFo9nXighs=',17185),(154,'pbkdf2_sha256$20000$B3rZo5wFtO2Z$7pPlDA3h/7UCj+YUdnEgXxOcEVJeQFzq45jhkQOOg/U=',17062),(155,'pbkdf2_sha256$20000$GlBvDZjqYN2w$ykO86IGDIK88LHAa/Hr0t6uHAHZV5s7mnfv5uZ5ovgo=',17481),(156,'pbkdf2_sha256$20000$zHS2nMD2aFN7$HmOphVLYaAX8V+DwkBIqoOvmzkHK9NWZuNScXWOi0nk=',17097),(157,'pbkdf2_sha256$20000$gdo9QI1cIoJo$oGFLJN7aXa0WDg5CN59r0IiyFO4kQoZtYEMxsh6T/5U=',17679),(158,'pbkdf2_sha256$20000$659pGplp1tOd$rwnF6IUtbuF6fqTeNATBrj7+XtDjX98O9TS3oeDzWU0=',17223),(159,'pbkdf2_sha256$20000$XIYEMD0Rk0fq$DcazmJCjkLieyCMjcsmIZAFGWoq1Ub2AzMPCUXJRTYw=',17161),(160,'pbkdf2_sha256$20000$mJ6EtpuwXMZx$j+fjjxkVY3xI7/WnnNNdBacEQ36hPUf46dUnkI4iZr8=',17166),(161,'pbkdf2_sha256$20000$h8WpJKZJq4ht$iiSl7Cozc1d4cvW8/gUhdYdE+baF8SsvA05x3mtJL58=',17165),(162,'pbkdf2_sha256$20000$yzbgdGaQuhTa$RFB+GpwVBwKRmUbZqg6GpN73F5Ntjtai4ePgMUfhw0s=',17333),(163,'pbkdf2_sha256$20000$ZBA5xd1tUtep$B8FQfZTONvb0/xa9uI3wP8rCFFZMM4NhTpETg57gNkk=',17046),(164,'pbkdf2_sha256$20000$vpOXZLTqW41Q$lkG8OowFUPL8t9x/Icw7nx8iGS5mmfcWHPI29O62yMI=',17190),(165,'pbkdf2_sha256$20000$Qs6Q42vsQXFI$JN5C698YBWzNjIlX1fC3Jl/L0L5yet1D3O2n4aiiHUQ=',17031),(166,'pbkdf2_sha256$20000$g6HyLaKoIc9X$H/aC86doJmPac16DIR9f0JhQOycNecznzjFxuwIA8AA=',16979),(167,'pbkdf2_sha256$20000$d9GR4YHMiosI$i8o828hxus7A6GdOi10hE5FIo26sqSLNLGmYHEUKobQ=',17228),(168,'pbkdf2_sha256$20000$HBUJKhtudKxq$O4skWWGYdXMZRbW7qAkMeyz3tQjySw4wgW0PtnoAFOM=',17673),(169,'pbkdf2_sha256$20000$4WFHsC4WjRoe$QAZjotsoURZhVmdmbtfhShf2Rskyj0DX4n7YQyvz4HA=',16981),(170,'pbkdf2_sha256$20000$sghgWLPqUZLN$FbuiNYtxUzRvMQCZePMq+7XfqhjOJzj9z6pe19IgDI8=',17126),(171,'pbkdf2_sha256$20000$fBtGFXh0ORfL$vTXLPMOARgvL9mTTayr4OF2IFnyEz3kT9cZTroHC3yg=',17378),(172,'pbkdf2_sha256$20000$sm0u8BPZ2bRg$v/FzX+LkLyiRrMANZwAbqQhflsnW7EHn9YEG75wzS+8=',17143),(173,'pbkdf2_sha256$20000$2tGQRSKyXjwM$cnxa05tfZ/6IuxgVLFreGq/NzyEwkNbdR6lAXuROG10=',17421),(174,'pbkdf2_sha256$20000$MpxWbASDe5oA$zmvSMZUXHbbE3DTk4dkAFmkNI97QDrvPbHPCZXD917k=',16794),(175,'pbkdf2_sha256$20000$JoJpTPbJuZjx$qRefQf6GYtfleqafwESLKhMnFE1B12KQuYrcCEwCH84=',17677),(176,'pbkdf2_sha256$20000$KZq3VflwKeo9$b8loYd9/5hahZZLh/eqenDKknVOVfFg0mpSVRqCRt5E=',17217),(177,'pbkdf2_sha256$20000$U9U4q2BPnLs4$nGf6XW1K0+RP6vH2AXKCWjnOLcQ6UTzYAt0MseJDfZY=',17137),(178,'pbkdf2_sha256$20000$qGHnBN3YvqLa$6uEyRxYvJ/JJHgshV8ohqQTwYtcFPeuI3XA/Yzhb0iE=',17135),(179,'pbkdf2_sha256$20000$GrjbbM4joQFf$fzfJTajm4akEHKwJNYME6+fjybf5mYykf9qPEYojplo=',17366),(180,'pbkdf2_sha256$20000$WjcISyy7r8yg$sBFoFD2vKAXxnXX7m3wHVBzsrJkHms42kvHAJW646EQ=',17108),(181,'pbkdf2_sha256$20000$58ItILWt07HW$y0W4xGFfjKv/8+/84GZnh3T1RB4TLQF9E0tmNztVIrM=',17091),(182,'pbkdf2_sha256$20000$7MtPAhhR5Y8A$ZduWtODoYxU2yJVuNItci3AHAodbbG+NwF7Dudk5HTE=',17351),(183,'pbkdf2_sha256$20000$SEHVADNzQW3U$NWncdQQLCaIk79nt1E+sAUkU6C88O9gcpMiNMMB/gCE=',17674),(184,'pbkdf2_sha256$20000$24Bp7btd383G$qdT/TfGMsnjjaoo5T9qKZ4GHxExKIJ1c0D7JQS283zs=',16780),(185,'pbkdf2_sha256$20000$A568eINc3aak$mSSqN7nYDp3aa8lZaQgizaK7L/MxsxtEdhvZd3bfShY=',17094),(186,'pbkdf2_sha256$20000$yqixjuBru4pw$DTUdE0jA8e1G57KTaO6wgeWcoNUloTSydAIHsPPSBgo=',16939),(187,'pbkdf2_sha256$20000$C32gu2yxOq5e$eJoYmhgExAiHEUdW+UnMp9TzYA0PU/NwojEDDaT3J78=',17180),(188,'pbkdf2_sha256$20000$fCsO1zZhQoi4$7xYV9kNEdzXPH78WnbTk54vr/bPccviePEJ+YofqKZU=',17241),(189,'pbkdf2_sha256$20000$0ik3dXG78QqN$ht8yaoEGmWh93rojQ899mVYuVWdFrWBxRxnkhtwW7LE=',17147),(190,'pbkdf2_sha256$20000$dGfxSJqYGkTs$eOiW2CMrwJQvf34MgrGLZASXI3+XxhX1wi7wmYSONv4=',17162),(191,'pbkdf2_sha256$20000$ruzzK5TP3GtO$63VtB0Bezy4BtcU1vb2ClWzGOOtTnJDxKU6FeQ3K74g=',17131),(192,'pbkdf2_sha256$20000$FR1NpT5rPnfh$rbVrXkjL/s2TPAX64c8dIBZxiQHOZ+k4AiATqEhXFgk=',17129),(193,'pbkdf2_sha256$20000$oZyXTR0EEOtf$wmPWTPoEcQlvjZtbBttOP+p0tCd1UXh/2cSn6ivim+g=',17664),(194,'pbkdf2_sha256$20000$xGu6KBdLdwah$yU+3fjxJ/er+IjwsW2WEy6e+9btFcP0fpGuFHEiJig0=',16952),(195,'pbkdf2_sha256$20000$pTDMkjGNeeMW$WEdIKcbEoKT5dxwLaBvd6eB4tr7r9lm85Ai99m7yzD0=',16799),(196,'pbkdf2_sha256$20000$EddsR7KMJR4z$UBYqsKVxahYL6yNTxnxm3Z9V1uamEaZUiR7EIOwaXAY=',16978),(197,'pbkdf2_sha256$20000$CiVsKoiCgRxm$VrjRIDYjBku84bs5enbk7c3DF9/HBYc72nAHlMT95QI=',17369),(198,'pbkdf2_sha256$20000$kc040BGV4CF3$+JtSizO9k1Ntx45XQ+N2EFiTlZ6f8/R+TMdfuZyhR8k=',16783),(199,'pbkdf2_sha256$20000$TfJxLEaiESm9$Nd8w55gLGniGfAfr0zwvoN3LzXrrZzfwtVkF8Yg/rKY=',17293),(200,'pbkdf2_sha256$20000$U6NdrYBYpUDl$WzWl2GXGbL9rH9RjDTnsB1qmn0gt97A1MJMH+g2akB8=',17073),(201,'pbkdf2_sha256$20000$tZh3UlYiy1jL$L+y5E96ljnpQq/EN/uUjas/qrk4Pugp/u/VFkshwd5Q=',16941),(202,'pbkdf2_sha256$20000$ijuO3mxM6BMb$ehXgaY6f833GuDsrYBSE/IUWlisB8dtUEQG0B4a+qtE=',17656),(203,'pbkdf2_sha256$20000$L5POfUzsKh2Y$s/QU7/tJ94Umw4z5iAXHE1RmVfFTHTfqD8j5Yd8gziI=',17075),(204,'pbkdf2_sha256$20000$llbOJzZItvzj$Go0SEjFE1C1Y5TqW5zvMIaIHKEe9SaLhA23A15CHkWU=',16839),(205,'pbkdf2_sha256$20000$LclEypLOH9pP$CIpKvV5A9F8mQy0vjpMVCMQ0xpewS2Rq+2ajcc8RUJQ=',17326),(206,'pbkdf2_sha256$20000$NKaOUQb2wKo7$wptUMFXS260glKWFm/cc80vO+wuyC+yRzGiHt99U6AU=',17020),(207,'pbkdf2_sha256$20000$jh6npnYzd1Av$0LT+oQ/R42tZoQ22ysD+sWzcRIL1xEnsHtwZlxAsQJQ=',17210),(208,'pbkdf2_sha256$20000$ppNYVzeiLdO0$4T04GwbRW6whqEzXYvbDHEeLjFKWlcDq6wCehwkcSZY=',17319),(209,'pbkdf2_sha256$20000$qOXkUXPz1Anq$ItJKJdxpeib9DUXxh2a0Ytn4ifz6qrp4twRsNPvzCXk=',17080),(210,'pbkdf2_sha256$20000$5gzzC7QOYUfO$leUo8Q6UqGulH3jo22/EuA61EyJKYJeLWXDESJWOlEg=',17408),(211,'pbkdf2_sha256$20000$AgYZKrPMRzbi$ZedP7Rz6F5IjmFbG2IFB0DU9uLMy41XdlBVwmrrcgqc=',17152),(212,'pbkdf2_sha256$20000$3jTTS8WAWMEo$5X9nZgbT+DEQN1R5YUB3t2OrmuEEWYJWJkpoCPfV3L0=',17253),(213,'pbkdf2_sha256$20000$z2DioR9tfy94$PZgUpMZ58bMLbI+Ztmmb7X/xYnVVyUML2SCn5eCxHb0=',17306),(214,'pbkdf2_sha256$20000$zKnZ6dIJ0kaI$nCUYvTAuPMazDqVYCFSGsjkL6+TC8vSiEzxTADQjv2U=',17284),(215,'pbkdf2_sha256$20000$3l4pjsQ27Nj9$ZpmrGzF9jMvx123Sk7/1TBoTouk222aTIPOnAcocXQk=',17461),(216,'pbkdf2_sha256$20000$rPDKC3DAlX4c$V6uoD7MczueBd85uPfo1mFBZMR1xIDF55vUgS9BbCtE=',16777),(217,'pbkdf2_sha256$20000$Fwih8LsRiUCx$00MPBrfIWSc1/PjSNlYH3adbsnL1ftv5kf7AYaUlhqY=',17121),(218,'pbkdf2_sha256$20000$biUyvfYXjieF$7W6hknAMIa6LIZ6EU9dtyLQwsPa/om5IC0moms+p4RQ=',17000),(219,'pbkdf2_sha256$20000$Oiqdyeyo27ka$jTvQgXCenSQv4iVeOPQfA6jhe9XKd8uaHDeFxbGBhuI=',17160),(220,'pbkdf2_sha256$20000$pGF4VBABdbWJ$U3Y6aX5i8/PxM6qLpn/HeeMtCyhQ9ekdZRJ0dqZvwDk=',17071),(221,'pbkdf2_sha256$20000$xZIfXKswJuQD$09XrmQB/uOJcBTfOymDi62Vw185vEpRPS3ZTWcI/bac=',17387),(222,'pbkdf2_sha256$20000$Z9pwP0bFbzsH$BpU3VzLclXqpVlCvQBC7W+FbOyYPdW+XPICZS8coU5s=',16805),(223,'pbkdf2_sha256$20000$TAe8m5pPk5tj$W0tTbme9ZWdN/4GXbBbpGkhFVo6FvHQ/bbSu/apiIw0=',17079),(224,'pbkdf2_sha256$20000$IlQAvXOvV8Es$WSvwoBa7U+pR6RXIbD6UQppBXMyEGC1Ebdtp6/ny0Fw=',17101),(225,'pbkdf2_sha256$20000$z3ZmyDCyAnev$e7AwCjUi/Hx49U4ZQIyoKSK+qtvSt5LvvZQ047SKW+Q=',17406),(226,'pbkdf2_sha256$20000$bjfwleWYTHzY$P/3xifdoH6P6QK27WY6/w8klS6itD06BjWnGEBE1lsY=',15796),(227,'pbkdf2_sha256$20000$pbt3PLFjgzU8$H9coEupswWUmz3NrLVG7riK5cw3H766JHBmqIurV3Kk=',15634),(228,'pbkdf2_sha256$20000$UMQCFgI62vi1$+X/WFiJ2GHYqA508EQKfDtUhGLqNjW+PRL/MVXAYARk=',15598),(229,'pbkdf2_sha256$20000$wp0UTAK5cLsn$4y51RKoCbIRJBDdgn/inC4QjkWIziahtyD/4So8XLtc=',15869),(230,'pbkdf2_sha256$20000$K3UZD0Pxxt4A$1kvtQSsbLzKMYhBk/m+SEVjhOqc2SxRNzMTQ8zIM3No=',15621),(231,'pbkdf2_sha256$20000$VYUB8R43MNCw$y3vdyKcn25nlwOcakDTJ3h9z4xe9siKPZN0sULur7a4=',15573),(232,'pbkdf2_sha256$20000$Gx8sUC02TCJK$hD5XoWSkP/da91iRoUMvsOtQPsxIvS6kjVS6vhm+Dfk=',16043),(233,'pbkdf2_sha256$20000$cCTpgSuChlCp$44bRx3c0fO2fQnNS0EA1hdHkYr47f21mLmdVcIreslM=',16130),(234,'pbkdf2_sha256$20000$CrR3ipgaMpOC$WpG/1TnyNhDneDgJldvEYrx/mSbrZsvCBLI9TNbNE1A=',15900),(235,'pbkdf2_sha256$20000$A9yjXXLykmIk$x3HsFqn06lrM1q0TXVXS4eohL+Gjs1vzhQfybcOQRyc=',15932),(236,'pbkdf2_sha256$20000$QEpWde8Dvur3$+Pe/YLmqHJ6Lschu8DuiFhAPXOdOSeYun7GhlK0vR80=',15930),(237,'pbkdf2_sha256$20000$Pm0H7GfXCuiT$WC6FMlM7N66MAiGXIbVuoVRr3AM00tnuwtQYHg6ndQU=',16409),(238,'pbkdf2_sha256$20000$x7DIv4MJsV6p$wzqtUwG5bgcotyx56s+GiEjbwP659cHiCtAiLqbwqJw=',15758),(239,'pbkdf2_sha256$20000$28RvWt9e2sOo$SV81fAntdddZiOxh+atRMkt2eL+jf/ut+HJDcGoPbkE=',15700),(240,'pbkdf2_sha256$20000$DiMoAksgybIx$cFO0hRntYa03y1Yhis+DgCM7dWqsqBKVoH4iqbI8U28=',15753),(241,'pbkdf2_sha256$20000$P0cXatUpUuiN$MW2KC6kTCTZzO9Fy1KbzemiSsh/2sMacw9g5Tx8f8L4=',16121),(242,'pbkdf2_sha256$20000$IB9JFufkIMNp$rYmCO5fTJLYTHNybn6H6rb7EW08b/r539OfjUfC+bt8=',15921),(243,'pbkdf2_sha256$20000$u4uWzJHRThma$MCAENDTbqw8kbBWNQjGLmPaWfHQL4AETbupmq4BRdy8=',15652),(244,'pbkdf2_sha256$20000$uPvMYa3XfyCv$hvnx1clZ9cgyN43eFYhtlZqjif6IkJdx92zJ7PT/LpA=',15748),(245,'pbkdf2_sha256$20000$hIcnps8037Xw$cVl6Io06drgCI1ItDY5l62Kx8HW1tu81HYXSAgMrM2E=',16160),(246,'pbkdf2_sha256$20000$ocWZlHFEwwID$9iZlk/j7CiIgSTSvoSH2bZn1C4B+OyS5GCMuDGHom5U=',15775),(247,'pbkdf2_sha256$20000$Fm0DCPOKFxyy$nxa+wExZ9zHc9i3NX/lIoRrCMVsmnBIlvroJXJoIjgM=',16068),(248,'pbkdf2_sha256$20000$NlZkGgpnJGCS$8aTCE95YGcKjmQ0Qt4qMoAHYpySOGtHdojS9l/Ls1PM=',16110),(249,'pbkdf2_sha256$20000$YXIIRE19yuPW$u0PQKndpxDSHCem2DwcU1tFYaTg2Y34vwiycynandHE=',16019),(250,'pbkdf2_sha256$20000$dkHFrxqueqnq$oyKT3S9ejfMS5bincygIsi9FoJnW3wrALixqXx1Mqwc=',15552),(251,'pbkdf2_sha256$20000$dsfUTEzl5Ma1$WSaKqHa6flFjUeJ4ieG5DSnWGeziOyZTtE8JFFqRZiM=',15575),(252,'pbkdf2_sha256$20000$P6sXjJ9fiNPV$Y/nSiYytggWZZ05dCuGN1/OEEa9xdsEatlKXgbpkemA=',15609),(253,'pbkdf2_sha256$20000$MLBMWGAFc7iA$m5g7OrMooppZo7+z1Xu0S4lxDgQez3wd2YFy1tlL3iY=',15691),(254,'pbkdf2_sha256$20000$5ZMPv3rTINuH$aBXU8Tpwj2XCsviKm7tn3pxhYnjDzrqkQz6yxVT1SAY=',16132),(255,'pbkdf2_sha256$20000$oUMaGENjjjxa$jvJk/UR+pp0lgngXEbKcyn/TfnznpUjDdrDK8r6elBA=',15628),(256,'pbkdf2_sha256$20000$H6Avkk9eBaQC$3mp6wDyLATJyN5EfWbWIyLcu0sDUt0F+TbKqRudsbD8=',15713),(257,'pbkdf2_sha256$20000$EzpRCOFMn83j$QioZ0CYSvxJNenAp/uYCATP6Cko7w0vWzNqVWEP+0Ig=',15764),(258,'pbkdf2_sha256$20000$c7IED2AVxNzd$KCC0QyntiTfcdXzW/YSoNNZj9D9mhyRC6H65mhxP4pQ=',15640),(259,'pbkdf2_sha256$20000$Q34PksL4eJW7$K7XN2yyc96xnufoW08hdZlX+fxW+YfCanPcNTbluHE8=',15640),(260,'pbkdf2_sha256$20000$rtvYoZ9OzU19$AAdRJtW8pCgARiXABvmVfYnT9UAfbfq+SNmyHkmAfds=',15602),(261,'pbkdf2_sha256$20000$OYOL626PCF18$1YM1Uk+rzXNK6QBTJ4T/kbt/kwYpuXlw92tGOgBHsjg=',15892),(262,'pbkdf2_sha256$20000$BRWoASblSDby$cHBtpDUwOlSWZG97cTJ7nOapGIWRjN0KCiR8XI7ugo8=',16036),(263,'pbkdf2_sha256$20000$LEKvePNL8rGS$43J9F9qfSMLxcinGmqqyRXatwcP/st8cNTvwizWJFjs=',16392),(264,'pbkdf2_sha256$20000$y1g7mPkDKtTi$K+9eq0qQSPHa/OAlyInSoB5NIKkmm4lJoHnupkyimf4=',15632),(265,'pbkdf2_sha256$20000$MuCHuyO3JlKd$Cs7UvjbvuKjWcV/2GK2+lMWlioM+Nkffh+x0kIBisO4=',16009),(266,'pbkdf2_sha256$20000$ozSuZ4vNhfkK$5FyfodvYRKUQWxRe3svsDxP2ha2Zdfv5RW/dLYxupRM=',15837),(267,'pbkdf2_sha256$20000$KNz9dOm6CeyY$7FpIbT4AeOrLJlhUAky3bKZuUu7x2HsBEb/0JWbwhpU=',15817),(268,'pbkdf2_sha256$20000$QlzbbHXuT98H$64QNx+Cy/1QwsV2ooMBGPS0wQmW/7V/7i0J4T+fb1ac=',16038),(269,'pbkdf2_sha256$20000$UgfvJa4BBooC$9Wy4Ub5N1A44xzrKgpsy2MQOoFNezQbNxsFLAADPYso=',15997),(270,'pbkdf2_sha256$20000$qoEEYVs7eIU0$/fvJWuKsLulJ5DeCyKuFCybCJJFFs0seeuUljJDdjoc=',16025),(271,'pbkdf2_sha256$20000$1vLpJX6aTApd$FsbwUKDechykMWZqyO4s+LAmyUvXWTr6JNPFNm83v/Q=',15994),(272,'pbkdf2_sha256$20000$NrBc39HlGUID$3Da2lIOvoq96PrsUtDWZ83pKc+2S+wjn/r/PgZ9sKWM=',16021),(273,'pbkdf2_sha256$20000$nQvNxp7YKQsG$b2NIuIaxOjO9cqFWuie6I5nZeNvRr9L9zv84a1Ps+wg=',15719),(274,'pbkdf2_sha256$20000$sUppWkzakjPi$PRdrqjZX8o3Y0UFKuDhRwvD0EyWfLrCfsdGdKzIVe8o=',16391),(275,'pbkdf2_sha256$20000$PhsybEUsdxSc$6F5RO+jaJv5l8fULcGzQ1iABA0f5yxyyK/uUxZstpas=',16391),(276,'pbkdf2_sha256$20000$TjVM0nIWjLFm$6rLAriManhtg3+4LhT3A4HbeM8SxCJbrVNcZQj5m7Us=',15638),(277,'pbkdf2_sha256$20000$QS6VboV5ebaX$0CHA5B7WCL7nCuQRU1G+GPa51OWtgcb5ThchOgpVpx4=',15697),(278,'pbkdf2_sha256$20000$L8MsMRl4JVjM$5a5PiALLDvLCAN5GI8W5iFGhGQ5JO26J1gSDFEhPhQk=',16414),(279,'pbkdf2_sha256$20000$Gch7Uzc7LHUX$SU1F3UJwM+lJsYy3z1qVVxnH8Y6ucUVMDNIfGCaQx6I=',15793),(280,'pbkdf2_sha256$20000$9kS5k4VgJXoq$rC+9n+N+8rKRhIf/wzSpNjm7XLKKS6ofGiJgf6vSd/E=',15633),(281,'pbkdf2_sha256$20000$NpPTZHRyuqws$SkqBlciMZpInRW3FISl3+v3TKV8HJYWVIYUJdS8NwU0=',15715),(282,'pbkdf2_sha256$20000$uuVtrAcIiAzd$ztnsABFDn8RTXdRNjZrjzfPE//UsNfxOblyawzLpTTw=',16020),(283,'pbkdf2_sha256$20000$Uo4o7mnSJXqi$3urLHKYJT6NamwYOk8ScuxVzZJ1wdwcPa6EzBCmvypg=',15738),(284,'pbkdf2_sha256$20000$c6RRkK9B82N4$ntcn/GhfYueqRDUU2uIDCKj8R4crVXLR41NF87Xpa5M=',15914),(285,'pbkdf2_sha256$20000$eUL9UZdVIBmx$dyVjNexpTdfUGfqIEu/fT6iXIj48IaiLxi39CIlxzOM=',15460),(286,'pbkdf2_sha256$20000$zEwFN8aePS6V$DxkaTPAjynb5MhkJ8ngwtD7UPlDFmEoxbf7xOpntq+I=',15472),(287,'pbkdf2_sha256$20000$oodHbjojyBYK$UpVgLlh6XTDIBsPi9IXdGjvz+i8zAYz5YzIyd2p5vfU=',15778),(288,'pbkdf2_sha256$20000$pUZy3bkmOvub$zwC6nBHhL/8mk9z5ajY5tDracj1LtyjS57gVTFd3tAc=',15925),(289,'pbkdf2_sha256$20000$nUbvRpq3jLCA$04wJHaRQT+GO5xpEknEHxqiL4ghc6Whoys0AensoKIA=',16384),(290,'pbkdf2_sha256$20000$J45g7eJfyucm$teGqmW+M6wxrPLkSqfLxuW57qD1zhucCRK9fPxufotY=',15846),(291,'pbkdf2_sha256$20000$sHj9M1nWTcER$j3fn73lkDX3P9xq5SaMofKKpEDdrG0yMvKXzp5ogIPc=',15735),(292,'pbkdf2_sha256$20000$XwYgWcFvQOKT$L6qpF2LdWUuFwI9xzOfeRvIz0GxOnSLSFpzx7iqw8ms=',15580),(293,'pbkdf2_sha256$20000$nSf6ohgE4Rph$YikcwDDOAShTPhqqWPx0vHem8WEqwiMJPuz75jktBuA=',15553),(294,'pbkdf2_sha256$20000$p84y4NvpYD80$QMsLNXrLSG2L5ISfQl6b6hJkaI7EN8tl5fr+5qfh7k4=',16101),(295,'pbkdf2_sha256$20000$ghitukbknIR9$Y9zQefzru8A82AAWfndyLJnk4G8it761TCu0zrCoKHo=',16017),(296,'pbkdf2_sha256$20000$wd1HGXydfYBJ$AC3FwOvJdH8xnEp9yK0/2gkRd5+IEIlHXAGkLK04iYo=',16099),(297,'pbkdf2_sha256$20000$HyCDTo0stA8H$1dtnCVDIbwCmsJgkpRymO1l2pQ+ko5kr71ZCGLGsyeE=',15644),(298,'pbkdf2_sha256$20000$AoscF2MPUcO8$PiUORDXKQucGeDYW9QQQHBCBkNFE4o7LSLnjRSaEBUI=',15818),(299,'pbkdf2_sha256$20000$c4h3spa5o0e6$MFgQg8cOAagBjo8DSFTugXHjl7eikGNAh36nfcAqcWs=',16149),(300,'pbkdf2_sha256$20000$oVwUCeRuEODy$GR75JA90YGn2JjYarAWiToaeSMwJFfgYtSIYSG1PWhU=',18300),(301,'pbkdf2_sha256$20000$Gmz9kDWe0t4Y$Zii3tSlXraZreclA85KAy4+GDdvoGvO/cy3dSOCamYo=',19029),(302,'pbkdf2_sha256$20000$J3INmmHfBLm8$6f0E3atvUqNKtESfIHQD25jQql2HoisHPsO1rCT9Oqk=',18475),(303,'pbkdf2_sha256$20000$TPANb6JD2UxV$DFwOEx+C+n0TRQiIuMuUfS+vR6TMsU0qeHkrK9mNJdA=',10000);
/*!40000 ALTER TABLE `portalapp_forlogin` ENABLE KEYS */;
UNLOCK TABLES;

--
-- Table structure for table `portalapp_interviewround_details`
--

DROP TABLE IF EXISTS `portalapp_interviewround_details`;
/*!40101 SET @saved_cs_client     = @@character_set_client */;
/*!40101 SET character_set_client = utf8 */;
CREATE TABLE `portalapp_interviewround_details` (
  `id` int(11) NOT NULL AUTO_INCREMENT,
  `time` int(11) NOT NULL,
  `description` longtext,
  `difficulty_id` int(11) NOT NULL,
  `round_type_id` int(11) NOT NULL,
  PRIMARY KEY (`id`),
  KEY `p_difficulty_id_466e9b0a8bfa6d55_fk_portalapp_difficulty_type_id` (`difficulty_id`),
  KEY `portalapp_interviewround_details_d2a2c124` (`round_type_id`),
  CONSTRAINT `D704cf5ec05a2f15818c56ebe864ecee` FOREIGN KEY (`round_type_id`) REFERENCES `portalapp_interviewround_type` (`id`),
  CONSTRAINT `p_difficulty_id_466e9b0a8bfa6d55_fk_portalapp_difficulty_type_id` FOREIGN KEY (`difficulty_id`) REFERENCES `portalapp_difficulty_type` (`id`)
) ENGINE=InnoDB AUTO_INCREMENT=113 DEFAULT CHARSET=latin1;
/*!40101 SET character_set_client = @saved_cs_client */;

--
-- Dumping data for table `portalapp_interviewround_details`
--

LOCK TABLES `portalapp_interviewround_details` WRITE;
/*!40000 ALTER TABLE `portalapp_interviewround_details` DISABLE KEYS */;
INSERT INTO `portalapp_interviewround_details` VALUES (6,17,'*Briefed about the on-going internet connection problem, and told that call can get disconnected abruptly*\r\n*Skype call starts*\r\n*Initial greetings and pleasantries*\r\nI-Interviewer; M-Me\r\n\r\nI-Languages you are comfortable with ?\r\nM-*told him*\r\nI-Implement calculator functions using derived class functions\r\nM-*done*\r\nI-Some basic questions about OOPs\r\n*call got disconnected*(VERY BAD CONNECTION)\r\nI- WAP to convert hex to binary\r\nI-debug by inserting print statements\r\n*call got disconnected*\r\nI-that\'ll be all\r\n*call got disconnected abruptly*',1,10),(7,11,'Interviewer was feeling under the weather, so he asked me questions that i would like to answer\r\n*gave him a plethora of options of generic HR questions*\r\nSome general talks about his health.\r\nHe offered me some hot beverages.*declined*\r\nAsked him about the work culture there and his experience working with wipro.\r\nHe asked me my preference of location for the internship.*Bluntly replied Bangalore, regretted it later*\r\nexchanged pleasantries and bade farewell.',1,11),(8,0,'Shortlisting based on :\r\n* CGPA\r\n* Projects / Internships\r\n\r\n* Total 10 students were shortlisted',1,13),(9,30,'*** SKYPE INTERVIEW ***\r\n\r\n*  Tell me about yourself\r\n*  Basic questions on BST, AVL-trees\r\n*  WAP to rotate array around pivot (Gave his own coding pad)\r\n*  WAP to generate prime numbers\r\n*  What are the types of link list? How to detect and remove a loop in link list?\r\n*  Basic concepts of OOPs like inheritance, polymorphism\r\n*  2-3 easy puzzles\r\n*  Lot of questions were asked based on projects/Internships ( Android development , AWS, web development) \r\n*  Total 5 students were selected from campus\r\n*  Basic HR questions ',3,15),(10,30,'\r\na)How to solve Sudoku as given in any news paper with the help of c program.\r\nI explained him the solution(related to backtracking) then further Interviewer discussed on complexity(9^n) and methods so that i can improve the complexity of my solution(hash tables)\r\n\r\nb)Asked about competitive coding ,i.e which online platform you use more for practice?,rank on that platform?(benefit of competitive coders)\r\n\r\nc)Next Question Given a array of +ve numbers,find the nearest greater for each number in array on its right side.Give a sol in o(n) complexity.\r\nSolved it based on concept of stacks(learned from code chef).I explained him first then interviewer ask me to the code and i successfully completed that.Very important to cover all edge cases for written code\r\n\r\nd)Next Question Insert the node in link-list before the nth last node.\r\nA little bit hint given by Interviewer ,I got the solution Then again interviewer told me to write code.Interviewer was again checking that am i covering all the test cases or not\r\n\r\nnext and last.\r\ne)Robot puzzle \r\nI  solved that good puzzle\r\n',3,10),(11,30,'HR round- all general Questions\r\na)Introduction\r\nb)Family Background\r\nc)About Hobbies\r\nd)Situational Questions\r\ne)Surprisingly Difference between malloc and calloc\r\n\r\nAt last I was selected for intern at CITI (Hurray Moment).\r\nAnd after internship I was not selected for the full time job(Hurray Moment again) but i really enjoy 2 month stay at CITI',1,11),(12,45,'Online coding and apptitude test \r\n18 MCQs and 2 Coding Questions\r\n',3,16),(13,45,'a) Given two positive number,using both find out the nth bit (binary) of the sum of given two number?\r\n\r\nI told Interviewer the simplest solution but he was not satisfied, Interviewer want the better complexity. I can\'t completely solved the question but I solved it partially  according to interviewer (Even i don\'t know how). Solution lies in moving back from nth bit to rhs part of binary numbers.\r\n\r\n\r\nb)Given a large string,find out the length of longest palindrome in the string\r\n\r\nAgain I started with simplest solution , then for better complexity Interviewer gave me hints . I framed new solution and I was told to write a code ,I wrote the code completely  but i forgot to handle the odd length.I missed just an IF block.They look for 100% accuracy.So always cover all test cases while writing code\r\n\r\nI was not selected for the further round but a damn good interview for me without any preparation.I enjoyed it fully.\r\n\r\n',2,10),(14,90,'Firstly, an online test was conducted(90 minutes duration) on HackerRank, consisting of 19 MCQs(Data Structures, C concepts, programming concepts, data interpretation, verbal skills) and 2 coding questions(One based on string manipulation and other based on All-Pair Shortest Path Graph).\r\n12 out of around 100 students were shortlisted for the interviews.',3,16),(15,20,'This was my first interview ever(I had given many vivas during my school years, but never gave an interview before), so was feeling pretty nervous.\r\nThe interviewer asked if I was feeling nervous, to which, I replied \"Yeah, somewhat nervous!\". The questions that followed were:\r\n*Tell me about yourself.\r\n*What do you know about Morgan Stanley?\r\n*What did you do in your summers, at the end of 2nd year?\r\n*Your CodeChef and HackerRank rank.\r\n*Tell me any one incident of your life that you feel is regretful?\r\n*Apart from Morgan Stanley, were you interested in any other companies?\r\n*Why Morgan Stanley?\r\n*Your strengths.\r\n*How do you see yourself 5 years from now?\r\nand many more such kind of questions.\r\nThen I asked him whether we\'d choose our preferred location(Mumbai or Bengaluru) or would they allot us randomly, and on the life at Morgan Stanley.',2,11),(16,30,'*Explain Call by Value and Call by Reference, using call stack, giving suitable examples. (Written Code)\r\n*Is it possible to find the factorial of a given number without using any loop or recursion?(Written Code)\r\n*Given a binary tree, print all the boundary nodes, i.e., all the leftmost, rightmost, and leaf nodes.(Written Code)\r\n*What do you know about Operating Systems?\r\n*Differences between Windows and Linux, advantages of Linux over Windows.\r\n*Explain about the Task Manager and its various processes.\r\n*Threads and processes.\r\n*Difference between the operation of Chrome and Firefox.\r\n*Differences between C and C#.\r\n*Explain Linked Lists in detail.\r\n*What will you prefer for Stack implementation- Arrays or Linked Lists?\r\n*Given a processor, which is running various processes simultaneously, of different time duration. These processes are stored in a circular linked list of fixed size. There are processes in waiting as well, which are stored in a queue. We have to print the id number of processes that have just finished, and add the waiting process from the queue to this circular linked list. At the same time, the time duration of other processes get reduced by some fixed amount. Repeat this till the queue as well as circular linked list gets exhausted(out of elements). (Written Code)\r\nThen I asked him about the projects that we\'ll be working on. He was a friendly person and told me about many live projects that they generally give to interns at Morgan Stanley. He also explained in detail about the project he is currently working on.',1,10),(17,20,'Firstly, the interviewer asked me what do I know about Morgan Stanley and its functioning and provided services in brief.\r\nThen he asked me about my favourite topic, to which I replied Data Structures.\r\nWhat are stacks and queues?\r\nWhat is OOP?\r\nThen he gave me a real-life scenario of managing a lift/elevator system. You have 3 lifts, and one control on each floor, i.e., the same up-down button can call any of the 3 lifts. Design the system, considering various factors in mind, like how to prioritize the selection of lifts, on the basis of the floor difference or on the basis of time, or on some other basis. Then he gave me some examples of floor numbers where the lift gets called, and the initial position of the lift, and asked me how I would handle these scenarios. It was a long discussion, lasting for about 15-20 minutes, where he gave me various situations and asked my approach. Basically, he just wanted to know my thought process, and my approach and logic towards solving such real-life scenarios. Then at last, he asked me the data structure I would be using for this implementation, to which I replied \'Doubly Linked List\'.\r\nHe then asked some HR questions:\r\n*What are your strengths?\r\n*What are your weaknesses?\r\n*Why Morgan Stanley?\r\nand many more.',1,10),(18,50,'There were 2 interviewers. The questions asked were:\r\n*Explain in brief about your intern project.\r\n*Implement any SQL query in any suitable language(preferably C/C++/Java), using suitable data structures for implementation as well as storing the result. The SQL query may contain joins of various tables. (Written Code)\r\n*What is malloc?\r\n*Static and dynamic memory allocation in C.\r\n*Some questions based on pointers in C.\r\n*A code was given, based on pointers in C, tell whether the code will run perfectly or generate some compilation/runtime error.\r\n*Stack and heap memory in C.\r\n*Find factorial of a number, considering all the base cases as well as big input. (Written Code)\r\n*What is normalization in databases? Why is it helpful?\r\n*What are Collections in Java?\r\n*Which data structure in Java would be used, such that infinitely many elements could be added, depending on the choice of the user, and the elements should be accessed directly, in O(1) time(Indirectly, a hybrid of Array and LinkedList). Implement the same data structure in C.\r\n*You are given a 4 GB RAM. How would you run 20 GB processes using this 4 GB RAM? (OS - Virtual Memory concept)\r\n*What are threads and processes?\r\n*How different is C# from other languages?\r\n*How a program gets compiled and run?\r\n*Explain the various stages that happen during the compilation of a program.\r\n*How a program gets compiled and run in C?\r\n*How a program gets compiled and run in Java?\r\n*What is JVM? Explain in detail.\r\n*What are JRE and JDK?',2,10),(19,30,'There were 2 interviewers. The questions asked were:\r\n*Explain in detail about your intern project.\r\n*Using Object-Oriented concepts, design a college academic system, containing students, details of every student, departments, details of every departments, courses available, and much more. After creating the necessary classes, methods and variables for this system, create appropriate methods to find the topper of a particular department, rank of a particular student, topper of a subject etc. An ideal object-oriented code in Java was expected. (Written Code)\r\n*How was your experience at Morgan Stanley?\r\n*Your feedback of your team members?\r\n*Your favorite subject\r\nand many more.\r\n',3,10),(20,20,'*Tell me about yourself.\r\n*How was your experience at Morgan Stanley?\r\n*Explain in brief about your intern project.\r\n*Did your team members help you?\r\n*Any qualities that your team members need to improve upon.\r\n*What are your strengths and weaknesses?\r\n*Have you ever lead a team? Your leadership experience.\r\n*Have you ever had any conflict in opinions? With juniors? With seniors?\r\n*Why should we hire you?\r\nand many more typical HR questions.',1,11),(21,30,'Firstly, an online round was conducted. It consisted of verbal and aptitude questions only. No technical or coding questions. The questions were extremely easy.\r\nShortlisted 48 out of around 100 students for the interviews.',1,16),(22,30,'The interviewer covered almost all the topics that are generally asked in the technical interviews. The asked questions were:\r\n*Explain in brief about your summer internship project.\r\n*Differences between SOAP and REST.\r\n*Do you know any scripting languages?\r\n*What do you mean by time complexity? What is big O notation?\r\n*What is the time complexity of the famous sorting algorithms?\r\n*How would you find the second largest element in an unsorted array? n\'th largest element? Time complexity in both the cases.\r\n*A recursive code was given. Give the output or tell whether the code would generate any compilation/runtime error.\r\n*Find whether 2 given strings are anagrams. (Written Code)\r\n*Given a dictionary, containing valid English words, find the minimum number of swaps required to convert one string to another. In one swap, you can only change one letter of the string, such that the new string formed is a valid English word. Hint:- Use graph, where every node is the valid English word, and 2 nodes are connected, if only 1 swap is required to convert one word to another. (Written Code)\r\n*What is multithreading? How is it efficient?\r\n*What is OS?\r\n*What are threads and processes?\r\n*What are collections in Java?\r\n*Common questions on OOPS, like what is inheritance, polymorphism, operator overloading, abstract functions, abstraction etc.\r\n*Puzzle: There are different number of pairs of socks of different colors, c1, c2, c3, ...., c20, such that there is 1 pair of c1, 2 pairs of c2, 3 pairs of c3, ...., 20 pairs of c20. What is the maximum number of socks you need to take out such that a pair is made, containing both the pieces of same color.\r\nand many more technical questions.',1,10),(23,20,'*Tell me about yourself.\r\n*Tell me one point you liked about Fidelity, in the presentation.\r\n*Why Fidelity?\r\n*What other companies\' interviews have you given?\r\n*Why should we hire you?\r\n*Do you have any post-graduation plans?\r\n*Would you like to work on new, modern technologies, or the conventional technologies, which have been used for years? Why?\r\n*Have you ever lied?\r\n*What are your strengths and weaknesses?\r\n*Your preferred joining location. Why?\r\nand many more HR related questions.',1,11),(24,60,'20 MCQs + 2 Coding Questions:\r\n\r\nMCQs  Topics: OS  Page fault, Waiting time (RR Scheduling), Paging, Semaphores, etc.\r\n	DS  Hashing (simple chaining based numerical)\r\n	Aptitude  1 Probability question, Puzzle  1 question, C 2 questions, etc.\r\n',1,16),(25,45,'In this round the interviewer asked me the below two questions.\r\n1.a) Given a number find the next greater number with the same set of digits.(http://www.geeksforgeeks.org/find-next-greater-number-set-digits/)\r\n	I had to write the complete code covering all the edge cases.\r\n	Since I had practiced this question, it didn\'t take much time to code for it.\r\n1.b) Given a Binary Tree, convert this to a tree where each node contains the sum of the left and right sub trees in the original tree.(http://www.geeksforgeeks.org/convert-a-given-tree-to-sum-tree/)\r\n	For this question, first I discussed the approach, confirmed the edge cases and then wrote the code using recursion.\r\n',1,10),(26,45,'This round started with questions from Operating Systems.\r\n	The interviewer asked me questions on Process and Threads, Process Scheduling, Mutex and Semaphores and Memory Management.\r\n	Some of the questions that were asked:\r\n	a) Difference between process and thread.\r\n	b) Advantages and disadvantages of using threads.\r\n	c) Difference b/w Scheduler and Dispatcher.\r\n	d) Name all the process scheduling algos and explain the Round Robin Process Scheduling.\r\n	e) At max how many threads can be active at a time in a machine?\r\n	f) What is race condition and how do we avoid it?\r\n	g) Difference between Semaphores and Mutex?\r\n	h) What is secondary memory and why do we use it?\r\n	i) What is thrashing?\r\n	\r\n	Then he asked me questions on Computer Networks.\r\n	a) Explain OSI reference model and write all the layers present in this model along with the protocols used at each layer.\r\n	b) Difference between TCP and UDP.\r\n\r\n	Finally he gave me a problem and told me to first discuss the approach with him and then code the same covering all the edge cases.\r\n	The problem was as follows:\r\n	You are given an infinite stream of numbers, at any instant of time you have to print the earliest non-repeating number.\r\n	eg: 2 3 4 2 5 6  output 3\r\n	    2 3 4 2 3 7 8 output 4\r\n	I discussed my approach with him, he told me to further increase the efficiency and gave me hints.\r\n	With his hints, I came up with the final solution (using Doubly Linked List and HashMap) and wrote the code.\r\n	He evaluated it and spotted 3 errors.',3,10),(27,45,'In this round the interviewer asked me questions on the Internship project.\r\n	He told me to briefly explain the complete project and asked various questions on the same.\r\n	\r\n	Then he gave me a coding question and asked me to first explain the approach and then code.\r\n	The question was,\r\n	You ar given an infinite stream of numbers and an integer k, at any instant of time you have to print the top k elements scanned till that point.\r\n	I explained the naive approach of using an array of size k and then inserting the elements at proper position thus making sure\r\n	that the array always remained sorted. Complexity O(k)\r\n	He was not satisfied with this solution and told me to further improve it ie aim for O(log(k)).\r\n	I did some brainstorm for a while and then gave the final solution to him using a min heap of size k.\r\n	He also asked me to write down complete code for min heap.\r\n	\r\n	The next question was on Caches.\r\n	He asked me to tell different page replacement policies.\r\n	Then he asked me, \"How would you implement LRU Cache\"?\r\n	I told him that it can be implemented using Priority Queue.\r\n	Then he cross-questioned me on Priority Queues, its internal implementation and complexities.\r\n	He didn\'t ask to code for it.',3,10),(28,45,'You are given an infinite stream of numbers, at any instant of time you have to print the median of the elements scanned till that time.\r\n	Median of an array here refers to the middle element of the array after sorting.\r\n	First I told him that I would maintain a sorted array, thus order of insertion would be O(N) and order of query would be O(1).\r\n	He told me to further optimize it.\r\n	I thought of using heaps and somehow try to achieve O(log(N)) for both insertion and query, but then he told me that it can be further optimized.\r\n	He told me to aim for O(log(N)) and O(1) for insertion and query respectively.\r\n	Suddenly I got the idea that I could make use of a minheap and a maxheap to solve the problem.\r\n	I discussed my approach with him. He was impressed.\r\n	Finally I coded the problem.\r\n	At last he asked me, \"Given an inorder traversal of a BST, can u build the tree\"?\r\n	I told him yes. Then he asked me, \"How many such trees are possible\"?\r\n	I knew answer to this question, as it was taught in the class.\r\n	I told him about Catalan Number.',2,10),(29,120,'Firstly, an online test was conducted on Oracle platform, consisting of 4 sections - Verbal, Aptitude, Programming Skills, Computer Science Concepts. There was separate time for each section, and each section contained subsections as well. The questions were easy.\r\nShortlisted 40 out of 65 students for the interviews.',1,16),(30,60,'*Check whether a tree is balanced or not / Check for AVL tree. (Written Code)\r\n*What are collections in Java?\r\n*Implement a HashMap collection in Java.\r\n*Find the maximum continuous subarray sum of an unsorted array, consisting both positive and negative elements / Kadane\'s algorithm. (Written Code)\r\n*Puzzle: There is a worker, working for 7 days. You have a long piece of gold, of which you give 1/7th of the piece to the worker daily. Find the minimum number of cuts required to make in the gold piece, such that the worker gets his fair share each day.',3,10),(31,30,'*There is a bank, containing \'c\' counters. There are \'n\' people standing in a queue. The counters open at 9:00 A.M. There is also an array a[n] given, containing the time taken by every person to complete his/her query at the counter. Whenever one counter gets empty, the very next person in the queue goes to that particular empty counter. Find at what time the x\'th person (x <= n) will have his/her turn and at which counter. A fully working code was expected, considering all the base cases and exceptions, with proper syntax. (Written Code)',1,10),(32,30,'*Do you have any questions?\r\n*Why did your CGPA fall so drastically in the sixth semester?\r\n*What is your favorite subject from CSE point-of-view and from non-CSE point-of-view?\r\n*Some questions on my favorite subject from non-CSE point-of-view. (Geography :p)\r\n*Given a linked list, check whether the linked list contains a loop. (Written Code)',1,10),(33,20,'*Tell me about yourself.\r\n*What did you like in the presentation about Oracle?\r\n*Given a location preference, which location would you choose, why?\r\n*Your one quality, that makes you stand apart from others.\r\n*Your one weakness, that would affect others working in the firm.\r\n*Any future post-graduation plans.\r\n*What other companies have you applied for?\r\nand many more typical HR questions.',1,11),(34,20,'1. General questions on data structures - deletion of nodes from B Trees, mirror image of B Tree.\r\n2. Questions on complexity.\r\n3. Standard puzzles.\r\n4. Object Oriented Programming concepts.\r\n\r\nAdvice to non-CS people : Try to solve a few puzzles in your preparation, at least the standard ones like the egg drop puzzle. Because non-CS people are not expected to be well-versed with the syntax of programming languages, ability to solve puzzles will justify your grasp on the logic of a problem\'s solution.\r\nAlso, try to think loud while solving a question in front of the interviewer, don\'t write your solutions as if you\'re writing your exams. Written and working code is expected, so practice writing code on paper rather than on your machine.',1,10),(35,30,'This is generally the make-or-break round as far as Citi goes. Not that the technical round matters any less, but this is the round where you\'ll be grilled absolutely. Questions in the HR round are generally developed from the answers you give. There will be standard HR questions like \"Why Citi?\" and the likes, but you have to give well reasoned and honest answers. Because they\'re going to get to the depth of your answers in the subsequent counter questions. One question I remember being asked was \"Why should we not hire you?\". There\'ll be a couple of panelists for this round. They will try to assess whether you have the knack for understanding the business perspective behind the technology, because at the end of the day, technology is just an enabler for them.  ',1,11),(36,10,'This is typically the elimination round, if you have made till here. The panelist is usually a Senior Vice President or a Director who\'ll probably be heading your department at Citi. In my case, he turned out to be so. During the time we had our interview, ie, in 2015, there was a project at Citi on memory allocators (which I later realised). The interviewer asked a few common questions based on dynamic memory allocators to many of those who had made it till the third round, among other questions which were a mix of both technical and HR. The interviewer was a no-nonsense guy and expected brief and to the point answers.',3,10),(37,90,'Firstly, an online test was conducted(90 minutes duration) on HackerRank, consisting of 19 MCQs(Data Structures, C concepts, programming concepts, data interpretation, verbal skills) and 2 coding questions(One based on string manipulation and other based on All-Pair Shortest Path Graph).\r\n12 out of around 100 students were shortlisted for the interviews.',3,16),(38,45,'1. Memory management questions related to computer architecture\r\n2.Mirror Image of a tree.(code)\r\n3.Number of rectangles of specific dimensions in an isoceles triangle of specific dimensions.(code)\r\n4.Find the largest possible sum of five numbers in an array of n numbers.(code). Best possible solution with system constraints provided.\r\n5.Where is memory allocated for different types of variables in memory -heap or stack?\r\n6.Simple questions related to trees and efficiency.\r\n\r\nWhat do they expect :\r\n- Well indented code.\r\n- function beak down\r\n- proper parameters of functions.\r\n- Don\'t even CUT your code once written, meaning that think properly and then write. Show them that you are a true CODER.',1,10),(39,30,'Don\'t remember the exact questions. Some of the above mentioned questions were asked here. \r\n* It was en easy round.\r\n',1,10),(40,60,'1. Why should i believe that u like coding?\r\n-> Gave them a staright forward answer that my resume well gives you the answer to this.\r\nMy resume had good projects and some courses which i had done from \'Coursera\' during my engineering.\r\nThey expect you to have a true love for Coding or say for Computer Science and you are here with some moto.\r\n\r\n2. Why Morgan Stanley?\r\n-> I am getting to learn Finance alongside Coding, so why not use such great opportunity.\r\n\r\n3. Leadership qualities\r\n\r\n4. What your friends think about you?\r\n\r\nWhat do they expect :\r\nWhen are you planning for higher studies?\r\n-> Don\'t give an affirmative nor a negative answer for this. A diplomatic answer will prove to be a good answer for this.\r\nJust told that since i don\'t know what subject exactly i want to do MS in, i have no plans for MS currently.\r\nHe was satisfied with this answer.\r\n\r\nWhy Morgan Stanley :\r\n-> They want to see that you are truely dedicated to work with this company and they actually expect answers in that way.\r\nThe moment they catch you that you are here just because you have cleared your test and for getting some stipend, its gonna be a trouble for you.\r\nSo kindly manage to answer such questions properly.',1,11),(41,60,'20 MCQs + 2 Coding Questions:\r\nMCQs based on Data Structures like binary trees, arrays and OS concepts.\r\nCoding quesiton of low level difficulty shouldn\'t be a problem if you are regular in competitive coding.\r\nHere are the questions they asked:\r\n1. http://www.geeksforgeeks.org/find-minimum-difference-pair/\r\n2. http://www.geeksforgeeks.org/print-kth-element-spiral-form-matrix/\r\nNote: Optimized solution is desired.',1,16),(42,45,'2 easy Coding Questions were asked:\r\nThey desire you to come up to the most optimized solution starting from the least optimized one.\r\n1. Given a number in how many ways can it be reduced to 0.\r\n         Rules for reduction\r\n         1. subract by 2\r\n         2. subract by 3\r\n         3. subract by 5\r\nthis is silimar to coin exchange problem. http://www.geeksforgeeks.org/dynamic-programming-set-7-coin-change/\r\n2. Given a binary tree print its left view. http://www.geeksforgeeks.org/print-left-view-binary-tree/\r\n\r\n\r\n',1,10),(43,45,'1 Coding quesiton and 1 Alogrithm design question\r\nCoding question:\r\nThe interviewer asked me what was my favourite data structure out of linked list, trees and graph.\r\nI said linked list. This is what he asked, http://www.geeksforgeeks.org/detect-and-remove-loop-in-a-linked-list/\r\nAlgorithm design quesiton:\r\nThe question goes like this:\r\nAs you all know amazon is gigantic e-commerce platform having a number of sellers and and buyers.\r\nEach seller has his list of favourite customer(s) and vice-versa. I was required to come up with an algorithm which would make pair of buyer and customer such that both are favourite of each other.\r\nI gave him my initial approach. I said it will not always be possible to do such pairing.\r\nThen I suggested that I will maintain a NxN matrix which will have 1 if both buyer and seller likes each other or 0 otherwise.\r\nThen choose the row(column) with least number of 1,s and choose any one of the 1\'s and make all other 1\'s in that row and column to 0, repeat this for all other rown(columns). I was not sure whether my solution was correct but the interviewer seemed to be satisfied.(Luckily he didn\'t ask me to code this one :P)',2,10),(44,45,'In this round I was asked 1 coding quesiton and some questions on trees.\r\nHere is the coding quesiton http://www.geeksforgeeks.org/median-of-stream-of-integers-running-integers/\r\nAfter discussing the solution from the most in elegant solutoin using arrays to the most effecient one using heaps he asked me to code the solution.\r\nIn my code there were some redundant code he pointed me those and advied me to avoid doing such things as this will affect he code quality.\r\nAfter that the discussion was on trees:\r\nHe gave me an in-order traversal and post-order traversal of a BST and asked me to construct the BST.\r\nI tried deducing an algorithm for it but ultimately came to the conclsion that it is not possible as ther there is no way we could figure out the root ement around which we could split the given input for its left and right subtree',3,10),(45,45,'1 Coding quesiton and Questions on OS\r\nThis is how the question goes you are given a string of \'I\' and \'D\'(length upto 8)\r\n\'I\' = increasing, \'D\' = decreasing\r\nSo according to the string you have to output a series of numbers which satisfy the following conditions\r\nlet s(length n) be the input string and op[n+1] be the output array\r\nif s[i]=\'I\' then op[i]<op[i+1]\r\nif s[i]=\'D\' then op[i]>op[i+1]\r\n0<=i<n\r\nThere could be multiple answers and you need to output the array which has the minimum lexiographic value\r\nsuppose s=III then op could be [1 2 3 4], [2 3 4 5], .... [6 7 8 9]\r\nsince [1 2 3] has the minimum lexiographic value so it is the answer\r\nsuppose s=DIDII then op=[2 1 4 3 5 6]\r\nNOTE: Each digit is used only once.\r\n\r\nHe then asked me the most naive solution which has a time complexity of O((N+1)!).\r\nAfter he gave his O(N^2) solution and asked me to optimize it further and I gave him an O(N) soulution.\r\nI coded the solution, however I forgot to decrement one of the loop counters after the inner loop but he noticed that bug in my code but he didn\'t allow me to correct it.\r\n\r\nAfter this he asked questions on operating systems.\r\n1.What is a process?\r\n2.What is a therad?\r\n3.What is the difference between them? Their advantages and disadvantages over each other.\r\n4.Process and therad scheduling algorithms\r\n5.What is deadlock? Why is it happens?\r\n6.How to prevent them?\r\n\r\nAfter that we discussed about my internship\r\n\r\n\r\n',1,10),(46,60,'A written technical round was conducted.It consisted of 3 coding questions mostly based on matrices',1,17),(47,45,'Discussion on round 1 was done mostly.I was asked to solve my mistakes of round1 there.Some basic questions on arrays,strings and datastructures were asked.',1,10),(48,45,'This was a bit challenging than round 2 . Questions based on data structures and trees were asked .The main focus was on trees(AVL tree, red-black tree)\r\nArrays are also covered.\r\nMost of the questions were form geeksandgeeks',3,10),(49,15,'Tell me about yourself?\r\nWhy did you select Factset?\r\nAre you open to technologies?\r\nIs the location preferable?',1,11),(50,90,'The test was divided into 6 sections.\r\n1.General Aptitude\r\n2.Technical Comprehension\r\n3.Logical Analysis #1\r\n4.Logical Analysis #2\r\n5.Program Tracing\r\n6.Programming\r\n-> Four of them consisted of basic aptitude questions (time and work, Age, etc.) and logical interpretation. One type of question was they had given a statement and there were 4 answer choices, Statement 1 correct, Statement 2 correct, Both Correct, Both incorrect, Like that. They also provided a technical passage for comprehension and asked questions on the passage.\r\n-> The fifth section was to interpret a program and write its output value, for a given input.\r\n-> The last section was to write a function in either java or C for a given question. Given an array, find a subarray which is increasing or decreasing (Not necessarily consecutive but in the same order as original array) and print the difference of first and last term of that array (Print whichever gives max difference).\r\n',3,16),(51,60,'Technical Round 1 :\r\n1. He asked me little about myself.\r\n2. He asked me about my family background, what my parents do, etc.\r\n3. He glanced through my resume. I had participated in a hackathon held by Barclays which I had mentioned in resume so he started asking questions regarding the software we had developed in the hackathon, how it worked, what technology was used,etc. He gave a different scenario of the same problem statement and asked how would i change my software then. (This discussion was most of the round 1).\r\n4. He then asked me to write an sql query. \r\nThree tables were given\r\nTable 1: Employee ID, Employee Name\r\nTable 2: Employee ID, Company Name\r\nTable 3: Company ID, Company Name\r\nAll the 3 tables are mapped to each other. Write Query -> Given a Company ID, Output the Employee Name.\r\n5. Asked me some OOPs concepts.\r\nThis Round was mostly based on resume and lasted for about 60 mins.In this Round i Felt he was asking very general questions and was expecting very specific answers. He was not satisfied with my answers (most of them.). Interviewer Rejected me after this round and I was asked to go back.\r\n\r\nAfter an hour i got a call from TnP asking me to come back. Apparently I had topped the online test :P so they wanted to take another Technical round.\r\nTechnical Round 2:\r\nThis round lasted for about 90 mins. and there were two different panelists this time. They started by asking a little about myself, again :P\r\nMy resume was mostly about Android Development so they asked me in depth about android programming.\r\nI had done a project in IOT(Internet Of Things) during my intern. They asked me in depth about that project, what is cloud, how did you achieve connectivity between robot and mobile (project related. ). They literally asked me to write a program for bluetooth socket connection for android application ! I was able to answer all of their questions.\r\nQuestions about Neuro Fuzzy techniques, what is fuzzy logic, what are the different algorithms in NFT,etc.\r\nQuestions related to computer networks, how packets flow from one network to another, what is OSI model, specify all the layers with their functions.\r\nQuestions related to dbms, what is atomicity, what is normalization.\r\nThey then handed me a xerox copy of the code which i had written in Online test and asked me if i remember what code that is :P They asked me to explain the whole code which I did and then they asked if i can optimize the code. They gave me 10 mins. to optimize and they left the room. I was able to optimize the code and when they came back i explained it to them. \r\nThey asked me if I have any questions for them. End.',3,10),(52,30,'Started with \"Tell me about yourself\". This is a standard question so keep this prepared for any future interview in any company. He then asked me about the values of Barclays (RISES) that they had mentioned in the ppt and how do I fit myself in that values. I had memorized the values :P and told him with examples from my real life how I fit in that values. He then asked me little bit about coding and the online test (Just a little bit chatter.). Then he asked me if I have any questions for him (This is important. Always ask! ). End.',1,11),(53,60,'\r\n1. Introduce yourself and describe projects.\r\n2. Strengths and weaknesses.\r\n3.What is datastructure?Which one you like.?\r\n4.Questions on project you did like why did you prefer a particular language or ide? What were the challenges?\r\n5.Mathematical puzzles(4 to 5 puzzles)[It was expected to think aloud, in some questions hints were provided]\r\n6.Given a linked list how will you detect a cycle and how will you detect the node from which it will start? Code it.(optimal solution was required with proper syntax)[I gave few ways to this problem and then reached to optimal solution]\r\n7.Egg dropping puzzle(Algorithm was expected)\r\n8.OS related: what is multiprogramming? What are threads?what do we mean by kernel level implementation of threads?(I was expected to throw light on advantages of threads and convince that I am aware of the concept. Much details weren\'t expected) \r\n9. I was asked to write code for one puzzle where I was provided with one situation and few helper function were given.(I am not able to recollect the question )\r\n10. OOPS related questions were asked.(Mainly tricky conceptual questions on abstract classes and inheritance in JAVA and C++, Interfaces)\r\n11. What is that you are interested in which is not mentioned in resume?\r\n12.Which was your favourite subject during 12th? And asked questions related to that subject.',3,10),(54,30,'1.Why you want to join Jpmorgan?\r\n2.Why company should hire you?\r\n3.What is the difference, if company hires someone from local college of Nagpur and VNIT?\r\n4.Checks your knowledge about company!(Impress by stating some facts about their company, Awards they won and thus you are fascinated to join them)\r\nThey try and trap you but DO NOT change your statements , be firm.\r\n5.Location and shift preferences.\r\n',3,11),(55,60,'The written test was meant for shortlisting the candidates who had applied for the company. There were three questions, all of which could be comfortably solved if the clarity in dynamic programming concordant with arrays and strings is sound. Out of the three questions, one, based on arrays was very novice. It was based on making some given pattern. From more than 100 students, if I am not faltering in numbers, about 20 students were shortlisted for the interviews.',3,17),(56,40,'This was a sort of explanatory session, in which you explain the methods or the approaches you might have had thought while solving the previously mentioned written test. They asked for some improvements in the already written code. For example, in one of the questions where the time complexity was O(n^3), they stressed for about 10 minutes to write the same code with a  better time complexity.\r\nThey also focussed on trees a lot. They mentioned a BST and asked to print its envelope. Each time I answered, they modified the question and asked me to redo the same. One thing which helped me was the genial nature of the interviewers. They (there were 2 in my panel) were very soft in speech and always gave me empressement whenever I moved ahead in the task assigned; =this boosted confidence and I think I answered what they had anticipated. So don\'t feel panic when you are stuck at some point. Take your own sweet time and the interviewers always appreciate this.',1,10),(57,75,'This was a bit challenging round for me. The interviewer( who was the senior most among the people came to the campus) was very friendly and immediately made me feel at home when he started his first question on sorting. He asked about quick sort and a short comparative analysis of the time and space complexities of major sorting algorithms. Though these type of questions were expected, I answered them quite well, not losing a bit of my composure. Then, he went on to asking questions on strings,the array of pointers and some simple programs. Everything was going on quite well by this time. Then he got some phone call and he asked one of his colleagues to resume the interview. This fellow inchoated his questions from graphs and trees. I think some of the questions were of the type what we find in geeks for geeks. He asked an algorithm based on graphs. I humbly told him that I was not very conversant with graph theory and he shifted again to BST. He asked about traversal of trees which can give numbers in a particular order, viz., ascending and descending. Now the old interviewer returned and gave me a pattern to print. He gave me 15 minutes to solve and told firmly that if you solve this, you are in; otherwise we are happy to interview you. They both chuckled and went away. After 20 minutes, they returned, only to find out that I had solved that.',3,10),(58,15,'They asked me about my family and my hobbies. When I told reading, he asked what was the last book I had finished. \r\nThey asked FactSet in general. CEO, Headquarter and products. I told them, not very satisfactorily, I believe.\r\nFuture plans?\r\nPreviously, how many interviews I faced?\r\nAt last when I was leaving the cabin, pretty tensed (since I was rejected 6 times previously in the interviews in the last 5 days), they sensing my nervousness, told me- \"Don\'t worry, you will get hired.\" These were the best words I heard that complete afternoon.',1,11),(59,20,'The technical round consisted of applying your areas of expertise basically in data structure design. There were mainly implementations of classical data structure problems. You need to have basic conceptual knowledge of data structures. The questions were implementation based. They expect you to write code. The written code should be legible, organized and well indented. Speak as you write, let them glimpse your thought process of coding. It was followed by discussion on the major project in the resume. Never mention DSPD assignments in your CV. Mine consisted of Big Data analytics project I worked on during IIT-B intern. Try to do the most of the talking to lead the interview into your comfort zone. Select your words wisely',3,10),(60,30,'Be honest and yet diplomatic. Was asked about my hobby and family background. It was more of a conversation. Choose a hobby which you actually pursue. Do not yet blabber on and keep it formal at best. I was asked about the books I read, reading being the hobby I stated. ',1,11),(61,30,'The reason for the difficulty level being high is we had the best interviewer for this round. The head of hiring process was an experienced person. And this interview was more of a combination of HR and technical interview. He knew how to ask the right questions and trap you. One just needs to be honest when it comes to the final selection interview, because the person is an experienced professional who knows his game. So good luck to all those who wish to be a part of this corporate paradigm.',2,10),(62,90,'The first round was an aptitude test which consisted of Verbal ,Quant and Logical Reasoning sections.The test was similar to that of CAT but the difficulty level was on the lower side.The challenging part was that there was a time limit for every question.The time limit was 90 seconds for most of the questions and 60 seconds for some. So speed and accuracy were imperative for clearing this section.',3,16),(63,30,'First round of filtering was done on basis of aptitude test. The second round of filtering was done on basis of technical test.This test consisted of 30 questions with the time limit being 30 minutes.Luckily there was no time limit for every question. This test tested the basic technical knowledge of a person. Most of the questions were from 2nd year sylabbus.There were questions from EDC,DLD,DEVICE MODELLING(2,3 questions from MOSFETs). This section could be cleared if one is  thorough with 2nd year electronics.',1,16),(64,30,'After two rounds of filtering, finally came the interview.The technical and HR interview was held together.There were two interviewers one from HR department and the other from sales department.When I went inside ,there was only 1 person -the one from sales department(who was to conduct technical interview).He introduced himself and asked me a few general questions to start with like my native place,my hobbies etc.. He was very jovial.He asked me to relax when I went I entered the interview room.He asked me around 6-7 technical questions which were very basic .Some of them are mentioned below:-\r\n\r\n1.What is the difference between a microcontroller and a microprocessor?\r\n2.Draw all the parts of microprocessor 8085(registers,buffers...)\r\n3.Draw the circuit diagram of rectifiers I have studied(he gave a sheet  to draw).\r\n4.Draw the symbol of NPN transistor\r\n5.What is SCR?\r\nThese are the questions  I can remember .There were 2 more questions which I cannot recollect but were rather simple.\r\nThe interviewer seemed to be in a good mood that day .He kept sayinf \'good\' as a token of appreciation whenenver I gave the right answer.In the end ,the HR interviewer came back and asked me if I had any questions to ask about the company.\r\n',1,10),(65,60,'1. To make a spiral(I don\'t remember problem statement but solution was to print the \'nos in a 2d matrix\' in spiral form)\r\n2. Reverse half of Linked List(In. 1->2->5->7->8->3 output: 1->2->5->3->8->7 ).',1,16),(66,120,'1. In the series (1234567891011121314....) print nth character eg(9th character is 9, 10th character is 1, 11th charcter is 0, 12th is 1. and so on).\r\n2. Basic questions on trees, traversals etc.\r\n\r\n',3,10),(67,120,'Given arrival and dept. time of n trains. find no of platform required on the station so that all trains can stop on station. (Train scheduling algo). Condition was to solve the problem with each condition \r\n      1. sorting is allowed without extra space \r\n      2. extra  space O(n) allowed but sorting is prohibited.',2,10),(68,60,'This was an online round based on the hackerrank platform. It consisted of:\r\n18 MCQs based on data structures, algorithms, aptitude, etc. Also (unexpected because OS wasn\'t taught till 4th sem) questions on operating system concepts.\r\n2 coding questions:\r\n1. A simple question on strings\r\n2. Items are sold in units of 5, 6 and 10 (don\'t remember the exact numbers). Given an integer N, find out if N items can be bought.\r\n(eg1: N = 21 = 5 + 6 + 10 => YES. eg2: N = 20. => NO)',3,16),(69,60,'NOTE: For all the interview questions, they asked me to write full, bug-free code (in any language) on paper once I arrived at an optimal solution (or a solution that the interviewer agreed upon).\r\nInterview Round 1:\r\n1.1. Given a sorted array and a key, find the frequency of the key in the array. Expected time complexity - O(log n)\r\n1.2. Given an array containing inorder traversal of a BST, construct the BST that produces the array.\r\n1.3. Questions about my summer internship project at IIT-B.',3,10),(70,60,'NOTE: For all the interview questions (except 2.1), they asked me to write full, bug-free code (in any language) on paper once I arrived at an optimal solution (or a solution that the interviewer agreed upon).\r\nInterview Round 2:\r\n2.1. Implement a stack in which (a) Push (b) Pop and (c) getMiddleElement all happen in O(1). You may use an auxiliary stack.\r\n2.2. Given a tree (not a BST, neither the nodes have a link to their parent), and a pointer to some node in the tree, find it\'s inorder successor. I did it in O(n).\r\n2.3. General questions about CS concepts like OOPs, some questions specific to C (like register, static variables)\r\n2.4. Delete a node from a circular linked list, given the key inside the node (all edge cases handled).',3,10),(71,30,'To have this conversation with everyone.  insight of all those microphones away. ',1,10),(72,30,'hared because the speech to text recognition that these guys are provided is just fantastic. The speech to text. Beacause of thisWhen to harass testing. Always good to have this time.  why only to do this. ',1,10),(73,90,'IThe screening round consisted of 10 to 15 aptitude questions and I was able to attend all of them and I was successful and clearing this aptitude test. I was selected for the next round. It was a beautiful experience. ',2,12),(74,30,'',1,10),(75,30,'The experience was amazing. ',1,10),(76,30,'The experience was amazing. ',1,10),(77,30,'huhu',1,10),(78,30,'The. The. The dax. Amazing and. Amazing and daughter sleeping. Amazing and daughter sleeping. Amazing and daughter sleeping. Amazing and daughter sleeping with us. Amazing and daughter sleeping with us on. Amazing and hottest looking at the song. Amazing and hottest looking at the song. ',2,15),(79,30,'sqsqs',1,10),(80,30,'',1,10),(81,30,'',1,10),(82,30,'',1,10),(83,30,'',1,10),(84,30,'It was a great ',1,10),(85,30,'It was a great ',1,10),(86,30,'It was a great ',1,10),(87,30,'It was a great ',1,10),(88,30,'It was a great ',1,10),(89,457,'',1,10),(90,30,'',1,10),(91,30,'',1,10),(92,30,'',1,10),(93,30,'',1,14),(94,90,'',3,16),(95,45,'',1,14),(96,70,'',2,10),(97,25,'',3,11),(98,90,'',3,16),(99,45,'',1,14),(100,70,'',2,10),(101,25,'',3,11),(102,30,'',3,10),(103,30,'It was a great ',1,10),(104,457,'',1,10),(105,30,'It was a great ',1,10),(106,457,'',1,10),(107,30,'',3,10),(108,30,'',1,10),(109,30,'',1,10),(110,30,'It was a great effort. Hsiwbwus dffrfrrrr rrrrrrrr shwjsisemdhusjsbeieudjdjhejeuduidududhdhdhdhdhdhhdhdhdd+?????? d dddd drrrerre rrrerreree r',1,10),(111,30,'It was a great effort. Hsiwbwus dffrfrrrr rrrrrrrr shwjsisemdhusjsbeieudjdjhejeuduidududhdhdhdhdhdhhdhdhdd+?????? d dddd drrrerre rrrerreree r',1,10),(112,30,'',1,10);
/*!40000 ALTER TABLE `portalapp_interviewround_details` ENABLE KEYS */;
UNLOCK TABLES;

--
-- Table structure for table `portalapp_interviewround_type`
--

DROP TABLE IF EXISTS `portalapp_interviewround_type`;
/*!40101 SET @saved_cs_client     = @@character_set_client */;
/*!40101 SET character_set_client = utf8 */;
CREATE TABLE `portalapp_interviewround_type` (
  `id` int(11) NOT NULL AUTO_INCREMENT,
  `display_name` longtext NOT NULL,
  `description` longtext NOT NULL,
  PRIMARY KEY (`id`)
) ENGINE=InnoDB AUTO_INCREMENT=18 DEFAULT CHARSET=latin1;
/*!40101 SET character_set_client = @saved_cs_client */;

--
-- Dumping data for table `portalapp_interviewround_type`
--

LOCK TABLES `portalapp_interviewround_type` WRITE;
/*!40000 ALTER TABLE `portalapp_interviewround_type` DISABLE KEYS */;
INSERT INTO `portalapp_interviewround_type` VALUES (10,'Technical','Technical'),(11,'HR','HR'),(12,'Screening','Screening'),(13,'Resume Shortlisting','Resume Shortlisting'),(14,'Group Discussion','Group Discussion'),(15,'Skype/Telephonic','Skype/Telephonic'),(16,'Computer Based Test','Computer Based Test'),(17,'Written Test','Written Test');
/*!40000 ALTER TABLE `portalapp_interviewround_type` ENABLE KEYS */;
UNLOCK TABLES;

--
-- Table structure for table `portalapp_personinformation`
--

DROP TABLE IF EXISTS `portalapp_personinformation`;
/*!40101 SET @saved_cs_client     = @@character_set_client */;
/*!40101 SET character_set_client = utf8 */;
CREATE TABLE `portalapp_personinformation` (
  `email` varchar(100) NOT NULL,
  `firstname` longtext,
  `lastname` longtext,
  `telephone1` varchar(15) DEFAULT NULL,
  `telephone2` varchar(15) DEFAULT NULL,
  `clg_id` int(11) NOT NULL,
  `deptid` int(11) NOT NULL,
  `roll_no` longtext,
  `createdondate` date NOT NULL,
  `is_active` int(11) NOT NULL,
  `roleid_id` int(11) NOT NULL,
  PRIMARY KEY (`clg_id`),
  KEY `portalapp_personinformation_f60990d5` (`roleid_id`),
  CONSTRAINT `portalapp_p_roleid_id_1611c56e0d668e5_fk_portalapp_roles_role_id` FOREIGN KEY (`roleid_id`) REFERENCES `portalapp_roles` (`role_id`)
) ENGINE=InnoDB DEFAULT CHARSET=latin1;
/*!40101 SET character_set_client = @saved_cs_client */;

--
-- Dumping data for table `portalapp_personinformation`
--

LOCK TABLES `portalapp_personinformation` WRITE;
/*!40000 ALTER TABLE `portalapp_personinformation` DISABLE KEYS */;
INSERT INTO `portalapp_personinformation` VALUES ('saurabhrathi1234@gmail.com','saurabhnew','saurabhnew','8793042721','9999999999',10000,1,'BT15CSE066','2017-07-06',1,1),('andrew.menezesr@gmail.com','Andrew','Menezes','9673960034',NULL,15460,2,'BT13ECE088','2017-03-04',1,1),('shiv_ydeo@outlook.com','Shiwani','Deo','9673957569','9673957569',15469,1,'BT13CSE097','2017-02-28',1,1),('khambatynisreen@gmail.com','Nisreen','Khambaty','9637105984',NULL,15470,1,'BT13CSE094','2017-02-28',1,1),('gguptapooja9@gmail.com','Pooja','Gupta','9764136412',NULL,15472,2,'BT13ECE092','2017-03-04',1,1),('paridixit1@gmail.com','Parinita','Dixit','8793598363',NULL,15473,1,'BT13CSE095','2017-02-28',1,1),('aakashbarapatre@gmail.com','Akash','Barapatre','9975078995',NULL,15550,1,'BT13CSE016','2017-02-28',1,1),('kulkarnigunjan05@gmail.com','Gunjan','Kulkarni','9503867855',NULL,15551,1,'BT13CSE040','2017-02-28',1,1),('supraja_koneru@yahoo.com','Supraja','Koneru','7769944391',NULL,15552,2,'BT13ECE030','2017-03-04',1,1),('lakshmisivani2013@gmail.com','Lakshmi','Paidala','7758877676',NULL,15553,2,'BT13ECE052','2017-03-05',1,1),('neneakshay@gmail.com','Akshay','Nene','8879902161','8879902161',15554,1,'BT13CSE056','2017-02-28',1,1),('ny231195@gmail.com','Nihar','Yeolekar','8600926164',NULL,15555,1,'BT13CSE058','2017-02-28',1,1),('pawanpalan@gmail.com','Pawan','Palan','8698635622',NULL,15557,1,'BT13CSE062','2017-02-28',1,1),('dhargevrushali@gmail.com','Vrushali ','Dharge','9890454702',NULL,15558,1,'BT13CSE032','2017-02-28',1,1),('vaninibhanupudi@gmail.com','Sarvani','Nibhanupudi','9168198922',NULL,15559,1,'BT13CSE057','2017-02-28',1,1),('shubhamu76@gmail.com','Shubham','Sharma','8007188136',NULL,15562,1,'BT13CSE080','2017-02-28',1,1),('adityachandak12@gmail.com','Aditya','Chandak','8275408616',NULL,15563,1,'BT13CSE023','2017-02-28',1,1),('rmcvyoganandhini@gmail.com','Yoga Nandini','R M C V','9665996582',NULL,15564,1,'BT13CSE071','2017-02-28',1,1),('soniaa.godhwani@gmail.com','Soniaa','Godhwani','8446117954','8446117954',15567,1,'BT13CSE037','2017-02-28',1,2),('pranavagrawal987@gmail.com','Pranav','Agrawal','9423702497',NULL,15570,1,'BT13CSE003','2017-02-28',1,1),('meghana.buddharaju@gmail.com','Meghana','Buddharaju','7769944729',NULL,15572,1,'BT13CSE021','2017-02-28',1,1),('varshitareti@gmail.com','Varshit','Areti','9765653310',NULL,15573,2,'BT13ECE007','2017-03-04',1,1),('chintankamdar95@gmail.com','Chintan','Kamdar','9404591651',NULL,15575,2,'BT13ECE031','2017-03-04',1,1),('dew3195@gmail.com','Dewang','Palav','9987510782','9987510782',15577,1,'BT13CSE063','2017-02-28',1,1),('sbose31@gmail.com','saurabh','bose','8390170126',NULL,15580,2,'BT13ECE012','2017-03-05',1,1),('abhijeet.krishnan@gmail.com','Abhijeet','Krishnan','9049920088',NULL,15581,1,'BT13CSE001','2017-02-28',1,1),('gnyan.prakash@gmail.com','gnyan','prakash','8412869494;;;;;',NULL,15586,1,'BT13CSE036','2017-03-02',1,1),('rajshubh07@gmail.com','Shubham','Rajak','7769941110','7769941110',15588,1,'BT13CSE083','2017-02-28',1,1),('prateek2195@gmail.com','Prateek','Kumar','7759855577',NULL,15589,1,'BT13CSE067','2017-02-28',1,1),('apoorva.bpl@gmail.com','Apoorva','Jain','9545977174',NULL,15590,1,'BT13CSE011','2017-03-02',1,1),('girishkumaramanchi@gmail.com','girish','amanchi','7981935640',NULL,15592,1,'BT13CSE007','2017-02-28',1,1),('pradeepyadav616296@gmail.com','Pradeep','Yadav','8378902866',NULL,15593,1,'BT13CSE066','2017-02-28',1,1),('mahitha1711@gmail.com','Mahitha','Mereddy','7769944843',NULL,15594,1,'BT13CSE052','2017-02-28',1,1),('alisharath0@gmail.com','Alisha','Rath','9405927048',NULL,15595,1,'BT13CSE006','2017-02-28',1,1),('aksh_udixit@yahoo.co.in','Akshay','Dixit','9833399764',NULL,15598,2,'BT13ECE004','2017-03-04',1,1),('rajini.madhan@gmail.com','RajaniKanth Reddy','Chereddy','8332942528',NULL,15599,1,'BT13CSE024','2017-02-28',1,1),('kashmeera99@gmail.com','Kashmeera','Gogineni','7769940809',NULL,15600,1,'BT13CSE038','2017-02-28',1,1),('m.naganikhila7@gmail.com','Naga Nikhila','Manchikanti','7769944769',NULL,15602,2,'BT13ECE044','2017-03-04',1,1),('shwetha.chitibhatta@gmail.com','Shwetha','Chitibhatta','7758866255',NULL,15603,1,'BT13CSE026','2017-02-28',1,1),('rishubhngp@gmail.com','Rishubh','Gupta','9822473239',NULL,15607,1,'BT13CSE075','2017-02-28',1,1),('saikiranurre345@gmail.com','saikiran','urray','7769940514',NULL,15608,1,'BT13CSE090','2017-02-28',1,1),('phanisai24@gmail.com','PHANI SAI REDDY','KASU','7769941063',NULL,15609,2,'BT13ECE032','2017-03-04',1,1),('jaindishang24@gmail.com','Dishang','Jain','7721849377',NULL,15610,1,'BT13CSE044','2017-02-28',1,1),('rakshitaraguraman@gmail.com','Rakshita','R','8369375393',NULL,15611,1,'BT13CSE072','2017-02-28',1,1),('swathi.aparna27@gmail.com','Swathi Aparna','R','7769944648',NULL,15612,1,'BT13CSE084','2017-02-28',1,1),('vatsalgosar@gmail.com ','Vatsal ','Gosar','7738963666',NULL,15613,1,'BT13CSE039','2017-03-02',1,1),('mas1ankit@gmail.com','Ankit','Jena','9765708924',NULL,15615,1,'BT13CSE008','2017-02-28',1,1),('ddgandhi.96@gmail.com','Dhiraj','Gandhi','9689089054','8655022884',15616,1,'BT13CSE033','2017-02-28',1,3),('apoorva.bpl@gmail.com','Apoorva','Jain','9545977174',NULL,15617,1,'BT13CSE011','2017-03-02',1,1),('aprameyan.raman.go@gmail.com','Aprameyan','Srikanthan','9503836532',NULL,15621,2,'BT13ECE006','2017-03-04',1,1),('tanmayband@gmail.com','Tanmay','Band','9595410103',NULL,15622,1,'BT13CSE086','2017-02-28',1,1),('raovignesh6969@gmail.com','Vignesh','Rao','9004953092',NULL,15623,1,'BT13CSE091','2017-02-28',1,1),('chandanabollineni2@gmail.com','BOLLINENI ','Sri Chandana ','8806102877',NULL,15626,1,'BT13CSE020','2017-02-28',1,1),('shwetapkul@gmail.com','Shweta ','Kulkarni ','7517472119',NULL,15628,2,'BT13ECE038','2017-03-04',1,1),('kakne.prateek@gmail.com','Kakne','Prateek','7769940760',NULL,15629,1,'BT13CSE048','2017-02-28',1,1),('anshul.pardhi@gmail.com','Anshul','Pardhi','9930929593','7972338927',15630,1,'BT13CSE010','2017-02-28',1,1),('akhileshpatilvnit@gmail.com','Akhilesh','Patil','7770078165',NULL,15632,2,'BT13ECE055','2017-03-04',1,1),('sudeeptakataki115@gmail.com','Sudeepta','Kataki','9158098521',NULL,15633,2,'BT13ECE077','2017-03-04',1,1),('daaishwarya@gmail.com','aiswarya','donthi','7769940978',NULL,15634,2,'BT13ECE003','2017-03-04',1,1),('sanjanapai95@gmail.com','Sanjana','Pai','7769944306',NULL,15638,2,'BT13ECE071','2017-03-04',1,1),('mhimabindu315@gmail.com','Hima','Bindu M','7769940432',NULL,15640,2,'BT13ECE042','2017-03-04',1,1),('akhil.upadhyayula14@gmail.com','Sesha Akhil','Upadhyayula','8007762991',NULL,15644,2,'BT13ECE082','2017-03-05',1,1),('gupta.himanshu8196@gmail.com','Himanshu','Gupta','9819292830',NULL,15649,1,'BT13CSE041','2017-03-02',1,1),('vamshie1995@gmail.com','VAMSI','KRISHNA','7744959727',NULL,15652,2,'BT13ECE021','2017-03-04',1,1),('puppalwar.anubhuti23@gmail.com','Anubhuti','Puppalwar','7030156935',NULL,15655,1,'BT13CSE070','2017-02-28',1,1),('khyati_gupta@hotmail.com','Khyati','Gupta','9764764258',NULL,15691,2,'BT13ECE035','2017-03-04',1,1),('kinagiabhishek@gmail.com ','Abhishek','Kinagi','9930345509',NULL,15695,1,'BT13CSE002','2017-03-02',1,1),('sapreaditi95@gmail.com','Aditi','Sapre','8149846759',NULL,15697,2,'BT13ECE072','2017-03-04',1,1),('shubhamchopra553@gmail.com','Shubham','Chopra','9403603672',NULL,15700,2,'BT13ECE016','2017-03-04',1,1),('tdkumbhalkar@gmail.com','Tanushree','Kumbhalkar','8149487130',NULL,15713,2,'BT13ECE039','2017-03-04',1,1),('psurabhi.vnit@gmail.com','Surabhi','Porwal','9404622462',NULL,15715,2,'BT13ECE078','2017-03-04',1,1),('sanchitsamant@gmail.com','Sanchit','Samant','9920438910',NULL,15719,2,'BT13ECE069','2017-03-04',1,1),('ashishunhale.1420@gmail.com','ashish','unhale','8087298979',NULL,15733,1,'BT13CSE089','2017-02-28',1,1),('manasviml@gmail.com','Manasvi','Laddha','8446597720',NULL,15735,2,'BT13ECE041','2017-03-05',1,1),('vaidyaharish849@gmail.com','Vaidya','Harish','8552060193',NULL,15738,2,'BT13ECE083','2017-03-04',1,1),('gauravghode43@gmail.com','Gaurav','Ghode','7276894860',NULL,15748,2,'BT13ECE022','2017-03-04',1,1),('dk19krishna@gmail.com','DHANANJAY','KRISHNA','7218169674',NULL,15753,2,'BT13ECE018','2017-03-04',1,1),('cdivya153@gmail.com','Chintarpalli','Divya','7769940797',NULL,15758,2,'BT13ECE015','2017-03-04',1,1),('venki.boddupally@gmail.com','venkatesh','boddupally','8790404043',NULL,15762,1,'BT13CSE019','2017-02-28',1,1),('sandeepkurukuti@gmail.com','kurukuti','sandeep','8309009670',NULL,15764,2,'BT13ECE040','2017-03-04',1,1),('knp069@gmail.com','Nishant','Kumar','9423349297',NULL,15765,1,'BT13CSE060','2017-02-28',1,1),('nehabethu97@gmail.com','Neha','Bethu','9503836932',NULL,15769,1,'BT13CSE017','2017-02-28',1,1),('laharibarad@yahoo.in','Lahari','Barad','7769944639',NULL,15774,1,'BT13CSE015','2017-02-28',1,1),('kusalkumar1@gmail.com','Kusalkumar','Jalli','9545976785',NULL,15775,2,'BT13ECE026','2017-03-04',1,1),('shahuabhishek25@gmail.com','Abhishek','Shahu','8446243717',NULL,15777,1,'BT13CSE078','2017-02-28',1,1),('anushasharma.as@gmail.com','Anusha','Sharma','7757900196','7757900196',15778,2,'BT13ECE093','2017-03-04',1,1),('pruthvi185@gmail.com','Pruthvi','P','7769940798',NULL,15780,1,'BT13CSE061','2017-02-28',1,1),('nandu.nandini650@gmail.com','Harini Reshma','Punnam','9096986154',NULL,15784,1,'BT13CSE069','2017-02-28',1,1),('vkc9097@gmail.com','vinamra','choudhary','7769940805',NULL,15786,1,'BT13CSE092','2017-02-28',1,1),('hiteshburla.10@gmail.com','Hitesh','Burla','7769940475',NULL,15787,1,'BT13CSE022','2017-02-28',1,1),('sirikondamounika6@gmail.com','SIRIKONDA','MOUNIKA','9168720964',NULL,15793,2,'BT13ECE076','2017-03-04',1,1),('aksvic1995@gmail.com','akshay','bhavsar','9404610520',NULL,15794,1,'BT13CSE005','2017-02-28',1,1),('harikad99@gmail.com','Sai Harika','Dasari','7769940455',NULL,15795,1,'BT13CSE029','2017-02-28',1,1),('spruha28@gmail.com','Spruha','Deshpande','7757806201',NULL,15796,2,'BT13ECE002','2017-03-04',1,1),('poojaikhar5@gmail.com','Pooja ','Ikhar','9850660483',NULL,15812,1,'BT13CSE043','2017-02-28',1,1),('manju.poluparthi@gmail.com','Manjusha','Poluparthi','8554907329',NULL,15817,2,'BT13ECE058','2017-03-04',1,1),('sapnabundiwal@gmail.com','Sapna','Bundiwal','8087969861',NULL,15818,2,'BT13ECE086','2017-03-05',1,1),('sanketdhoble@gmail.com','Sanket','Dhoble','7276642506',NULL,15824,1,'BT13CSE034','2017-02-28',1,1),('ketandahake09@gmail.com','Ketan','Dahake','8605644812',NULL,15832,1,'BT13CSE027 ','2017-02-28',1,1),('snehal.n.dange@gmail.com','Snehal','Dange','8421828454',NULL,15833,1,'BT13CSE028','2017-02-28',1,1),('pallapriyankalic@gmail.com','PALLA','PRIYANKA','9545976804',NULL,15835,1,'BT13CSE064','2017-02-28',1,1),('chandrikapinnepalli@gmail.com','Pinnepalli','Chandrika','7769940818',NULL,15837,2,'BT13ECE057','2017-03-04',1,1),('madhav.tatode@gmail.com','Madhav','Tatode','7875322298',NULL,15838,1,'BT13CSE087','2017-02-28',1,1),('tushartripathi94@gmail.com','Tushar','Tripathi','8551008978',NULL,15846,2,'BT13ECE097','2017-03-04',1,1),('bala.nadar@hotmail.com',' BALA RAVEEN','NADAR','7769940829',NULL,15858,1,'BT13CSE055','2017-02-28',1,1),('umeshsharnagat@gmail.com','Umesh','Sharnagat','9422334104',NULL,15859,1,'BT13CSE088','2017-02-28',1,1),('itsakshay95@gmail.com','Akshay','Shirude','7757912995',NULL,15862,1,'BT13CSE081','2017-02-28',1,1),('nikitadhole99@gmail.com','Nikita','Dhole','9766618929',NULL,15866,1,'BT13CSE035','2017-02-28',1,1),('rushalialone1@gmail.com','Rushali','Alone','8605488050',NULL,15869,2,'BT13ECE005','2017-03-04',1,1),('ahirkarspr235@gmail.com','Spruha','Ahirkar','9405165276',NULL,15875,1,'BT13CSE004','2017-02-28',1,1),('akshadamuneshwar@gmail.com','Akshada','Muneshwar','7757824064',NULL,15892,2,'BT13ECE047','2017-03-04',1,1),('chaitanyarb619@gmail.com','Chaitanya','Belhekar','9158000851',NULL,15900,2,'BT13ECE010','2017-03-04',1,1),('vaishnavih3@gmail.com','Vaishnavi','Holkar','8888111355','8888111355',15914,2,'BT13ECE084','2017-03-04',1,1),('itkelwardisha@gmail.com','Disha ','Itkelwar','9158986949',NULL,15921,2,'BT13ECE020','2017-03-04',1,1),('khushdeepvnit@gmail.com','Khushdeep singh','Mann','9011876806',NULL,15925,2,'BT13ECE095','2017-03-04',1,1),('tjbujade@gmail.com','Tejas','Bujade','9403021309',NULL,15930,2,'BT13ECE013','2017-03-04',1,1),('snehal.borkar96@gmail.com','Snehal','Borkar','9764604356',NULL,15932,2,'BT13ECE011','2017-03-04',1,1),('niha.raut@gmail.com','Niharika','Raut','7588786972',NULL,15971,1,'BT13CSE059','2017-02-28',1,1),('antarikshmeshram@gmail.com','Antriksh ','Meshram','9503316378',NULL,15973,1,'BT13CSE054','2017-02-28',1,1),('rajatborkarworld@gmail.com','Rajat','Borkar','7350124495',NULL,15994,2,'BT13ECE065','2017-03-04',1,1),('srijach99@gmail.com','srija','chilla','7769944686',NULL,15995,1,'BT13CSE025','2017-02-28',1,1),('kamblepranali28@gmail.com','Pranali','Kamble','7744933817',NULL,15997,2,'BT13ECE061','2017-03-04',1,1),('hiteshhj1995@gmail.com','Hitesh ','Sankhala','7769940513',NULL,16002,1,'BT13CSE042','2017-02-28',1,1),('ketanrajas@gmail.com','Ketan','Bhadke','8007765610',NULL,16003,1,'BT13CSE018','2017-02-28',1,1),('paddy636261@gmail.com','Pradnyanand','Pohare','7038975327',NULL,16006,1,'BT13CSE065','2017-02-28',1,1),('pavan.pedapolu@gmail.com','Pavan Kumar','Pedapolu','8007765478',NULL,16009,2,'BT13ECE056','2017-03-04',1,1),('sambreshraddha@gmail.com','Shraddha','Sambre','9850540761',NULL,16012,1,'BT13CSE082','2017-02-28',1,1),('kamal.dev@students.vnit.ac.in','Kamal','Ram','9545982365','',16014,1,'BT13CSE049','2017-03-02',1,1),('shibhamkhedkar2611@gmail.com','Shubham','Khedkar','9404194077',NULL,16017,2,'BT13ECE034','2017-03-05',1,1),('rahulrocky108@gmail.com','k','rahul','7769940739',NULL,16019,2,'BT13ECE029','2017-03-04',1,1),('tsujay05@gmail.com','SUJAY','TAMMULURI','7387460579',NULL,16020,2,'BT13ECE080','2017-03-04',1,1),('mahitha5895@gmail.com','Ratna Mahitha','Chukka','7769944809',NULL,16021,2,'BT13ECE066','2017-03-04',1,1),('bhapuri.bp@gmail.com','Purimetla','Bhavana','9168929166',NULL,16025,2,'BT13ECE062','2017-03-04',1,1),('onkark81@gmail.com','Onkar','Kamble','8308930901',NULL,16036,2,'BT13ECE051','2017-03-04',1,1),('tejashpopate@gmail.com','Tejash','Popate','9766248889',NULL,16038,2,'BT13ECE059','2017-03-04',1,1),('ravikumarbanoth204@gmail.com','Banoth','Ravikumar','9075934182',NULL,16043,2,'BT13ECE008','2017-03-04',1,1),('devendar16058@gmail.com','DEVENDAR','GUGULOTH','9921773113',NULL,16058,1,'BT13CSE030','2017-02-28',1,1),('jayakrishnajatoth132@gmail.com','Jayakrishna ','Jatoth ','9545982281',NULL,16068,2,'BT13ECE027','2017-03-04',1,1),('sairathod90@gmail.com','Rathod','Saikiran','9158106910',NULL,16074,1,'BT13CSE074','2017-02-28',1,1),('mervejraj@gmail.com','mervej','raj','9764577845',NULL,16075,1,'BT13CSE053','2017-02-28',1,1),('rameshsapavatvnit@gmail.com','Sapavat','Ramesh','7798474859',NULL,16078,1,'BT13CSE076','2017-02-28',1,1),('kolewadshweta@gmail.com','Shweta','Kolewad','9665307916',NULL,16094,1,'BT13CSE050','2017-02-28',1,1),('tanojkumar181@gmail.com','TANOJKUMAR','DAVALA','8412871199',NULL,16099,2,'BT13ECE017','2017-03-05',1,1),('madhusudhannaik1@gmail.com','Madhusudhan ','Naik','8412869292',NULL,16101,2,'BT13ECE049','2017-03-05',1,1),('surbhishankhpale19@gmail.com','Surbhi ','Shankhpale','8237664991',NULL,16105,1,'BT13CSE079','2017-02-28',1,1),('punitmagade@gmail.com','Punit','Magade','7507745506',NULL,16106,1,'BT13CSE068','2017-02-28',1,1),('joshita2204@ymail.com','Joshita ','Hembram','9769489519',NULL,16110,2,'BT13ECE028','2017-03-04',1,1),('akshaydhandu@gmail.com','akshay','dhandu','7769940519',NULL,16120,1,'BT13CSE031','2017-02-28',1,1),('dikshapatil184@gmail.com','Diksha','Patil','9503575336',NULL,16121,2,'BT13ECE019','2017-03-04',1,1),('ronitbarboza@gmail.com','Ronit','Barboza','9870129175',NULL,16130,2,'BT13ECE009','2017-03-04',1,1),('aniketjalgaon@gmail.com','Aniket','Kulkarni','8237508142',NULL,16132,2,'BT13ECE037','2017-03-04',1,1),('ishanka.mani@gmail.com','Ishanka','Mani','9503343047',NULL,16149,2,'BT13ECE025','2017-03-07',1,1),('guntaakhil121@gmail.com','GUNTA ','AKHIL','9665449865',NULL,16160,2,'BT13ECE024','2017-03-04',1,1),('rajatchiddarwar123@gmail.com','Rajat','Chiddarwar','8007063002',NULL,16384,2,'BT13ECE096','2017-03-04',1,1),('samudralasoujanya@gmail.com','Samudrala','Soujanya','7758894359',NULL,16391,2,'BT13ECE070','2017-03-04',1,1),('shraddhapandram48@gmail.com','Shraddha','Pandram','9146567768',NULL,16392,2,'BT13ECE053','2017-03-04',1,1),('ch.krishnapriya@gmail.com','CHIGILIPALLI','KRISHNAPRIYA','7769944829',NULL,16409,2,'BT13ECE014','2017-03-04',1,1),('singhanushka745@gmail.com','Anushka ','Singh','9404122717',NULL,16414,2,'BT13ECE075 ','2017-03-04',1,1),('parishilanrayamajhi@gmail.com','Parin','Rayamajhi','7769944673',NULL,16496,1,'BT13CSE096','2017-02-28',1,1),('apurva0jain@gmail.com','Apurva','Jain','9479872307',NULL,16499,1,'BT13CSE012','2017-02-28',1,1),('shubhamtandle@gmail.com','Shubham','Tandle','9767538708',NULL,16504,1,'BT13CSE085','2017-02-28',1,1),('suyashv25@gmail.com','Suyash','Vishwakarma','9049625406',NULL,16777,1,'BT14CSE084','2017-03-04',1,1),('parth.agg.96@gmail.com','Parth','Aggarwal ','7276908785',NULL,16780,1,'BT14CSE060','2017-03-04',1,1),('naikrucha@live.com','Rucha','Naik','9168076894',NULL,16783,1,'BT14CSE072','2017-03-04',1,1),('neel0707@gmail.com','Neel','Palwankar','9637004229',NULL,16794,1,'BT14CSE056','2017-03-04',1,1),('rvikwd3@outlook.com','Ravikiran','Kawade','9028006559',NULL,16799,1,'BT14CSE069','2017-03-04',1,1),('vaidehee96v@gmail.com','Vaidehee','Dineshkumar Patel ','7757906364',NULL,16805,1,'BT14CSE088','2017-03-04',1,1),('saumyashastri@gmail.com','Saumya','Shastri','8805415948',NULL,16839,1,'BT14CSE074','2017-03-04',1,1),('saimeghanaintern@gmail.com','Ponnuru','Meghana','9665107657',NULL,16939,1,'BT14CSE064','2017-03-04',1,1),('sahithashadmaki@gmail.com','Sahitha','Shadmaki','7757995917',NULL,16941,1,'BT14CSE075','2017-03-04',1,1),('rasikanistane@gmail.com','Rasika','Nistane','8446093523',NULL,16952,1,'BT14CSE058','2017-03-04',1,1),('amanjangde02@gmail.com','Aman','Jangde','9404115260',NULL,16956,1,'BT14CSE009','2017-03-04',1,1),('rianagulwar@gmail.com','Ria','Nagulwar','7620842860',NULL,16978,1,'BT14CSE071','2017-03-04',1,1),('khaireprajakta563@gmail.com','Khaire','Prajakta Bhagwan','8806122785',NULL,16979,1,'BT14CSE042','2017-03-04',1,1),('wankhade.manjiri@gmail.com','Manjiri','Wankhede','9168370222',NULL,16981,1,'BT14CSE049','2017-03-04',1,1),('ankit.rathi730@gmail.com','Ankit','Surendra Rathi','9421487784',NULL,16998,1,'BT14CSE067','2017-03-04',1,1),('tanaypatil197@gmail.com','Tanay','Patil','8624810406','8624810406',17000,1,'BT14CSE086','2017-03-04',1,1),('shruti1996mathur@gmail.com','Shruti','Mathur','7767055371',NULL,17020,1,'BT14CSE099','2017-03-04',1,1),('sushmakatta137@gmail.com','Katta','Sushma','9049534132',NULL,17031,1,'BT14CSE041','2017-03-04',1,1),('chanduyng@gmail.com','Chandana','Yenugu','9049564562',NULL,17036,1,'BT14CSE095','2017-03-04',1,1),('kalyanitakalkar@gmail.com','Kalyani','Takalkar','7798645341',NULL,17046,1,'BT14CSE085','2017-03-04',1,1),('dsarchana96@yahoo.com','Devanahalli','Sunil Archana','7757800241',NULL,17051,1,'BT14CSE023','2017-03-04',1,1),('ayushkatare123@gmail.com','Ayush','Katare','9923569369',NULL,17053,1,'BT14CSE014','2017-03-04',1,1),('gilla.shivani@gmail.com','Gilla','Shivani','7758926674',NULL,17062,1,'BT14CSE030','2017-03-04',1,1),('','Gannamaneni','Madhuri','',NULL,17067,1,'BT14CSE028','2017-03-04',1,1),('tharun3597@gmail.com','Tharun','Palla','7798465429',NULL,17071,1,'BT14CSE059','2017-03-04',1,1),('adudodla.sahith@gmail.com','Sahith','Reddy Adudodla','7798465712',NULL,17073,1,'BT14CSE003','2017-03-04',1,1),('kotewarsankalp@gmail.com','Sankalp','Kotewar','9623478426',NULL,17075,1,'BT14CSE046','2017-03-04',1,1),('akshi0608@gmail.com','Valishetti','Akshitha','9542486806',NULL,17079,1,'BT14CSE089','2017-03-04',1,1),('shubhamshekharshah@gmail.com','Shubham','Shekhar Shah','7720956323',NULL,17080,1,'BT14CSE076','2017-03-04',1,1),('nithinsomisetty@gmail.com','Nithin','Somisetty','7719817822',NULL,17091,1,'BT14CSE081','2017-03-04',1,1),('parvathipragna912@gmail.com','ParvathiPragna','Golakoti','9494872571',NULL,17094,1,'BT14CSE032','2017-03-04',1,1),('akhileshgundala@gmail.com','Akhilesh','Gundala','9960749582','9701447794',17097,1,'BT14CSE034','2017-03-04',1,1),('akhilsaichandra17@gmail.com','A.AkhilSai','Chandra','9130578708',NULL,17100,1,'BT14CSE001','2017-03-04',1,1),('donivarun97@gmail.com','Varun','D','7038567221',NULL,17101,1,'BT14CSE091','2017-03-04',1,1),('nishanth.arava@gmail.com','Nishanth','Arava','7387247917',NULL,17108,1,'BT14CSE013','2017-03-04',1,1),('amittapas1997@gmail.com','Amit','Tapas','8237706956',NULL,17111,1,'BT14CSE011','2017-03-04',1,1),('moroneyatharva@gmail.com','Atharva','Moroney','9922256502',NULL,17112,1,'BT14CSE053','2017-03-04',1,1),('tanaymachale@gmail.com','Tanay','Atul Machale','8237235133',NULL,17121,1,'BT14CSE048','2017-03-04',1,1),('man3meet4@gmail.com','Manmeet','Kaur Maras','9730858251',NULL,17126,1,'BT14CSE050','2017-03-04',1,1),('rachanashende02@gmail.com','Rachana','Shende','9130866782',NULL,17129,1,'BT14CSE065','2017-03-04',1,1),('petepushkar@gmail.com','Pushkar','Pete','7743932965',NULL,17131,1,'BT14CSE061','2017-03-04',1,1),('nikita.mudliyar09@gmail.com','Nikita','Mudliyar','8149191981',NULL,17135,1,'BT14CSE054','2017-03-04',1,1),('ashwiniainchwar5@gmail.com','Ashwini','Ainchwar','8390649902',NULL,17136,1,'BT14CSE005','2017-03-04',1,1),('nikita.dwivedi06@gmail.com','Nikita','Dwivedi','9405906253',NULL,17137,1,'BT14CSE057','2017-03-04',1,1),('miriyalaanusha.11@gmail.com','Miriyala','Anusha','9160273777',NULL,17143,1,'BT14CSE052','2017-03-04',1,1),('palleale3.9@gmail.com','Alekhya','Palle ','8297247321',NULL,17146,1,'BT14CSE008 ','2017-03-04',1,1),('pranavbhoyar96@gmail.com','Pranav','Bhaskar Bhoyar','7028813496',NULL,17147,1,'BT14CSE016','2017-03-04',1,1),('pushpapriyanka493@gmail.com','Sri.Lakshmi','Pushpa Priyanka Yalla','7758854930',NULL,17152,1,'BT14CSE094','2017-03-04',1,1),('tejudake980@gmail.com','Tejaswini','Dake','8275806086',NULL,17160,1,'BT14CSE021','2017-03-04',1,1),('jagan2008akkineni@gmail.com','Jagan','Mohan Akkineni','8600376573',NULL,17161,1,'BT14CSE007','2017-03-04',1,1),('praveen123pinjala@gmail.com','Praveen','PInjala','7569633459',NULL,17162,1,'BT14CSE062','2017-03-04',1,1),('inkanejayesh@gmail.com','Jayesh','Inkane','8446302675',NULL,17165,1,'BT14CSE037','2017-03-04',1,1),('jmlin786@gmail.com','Jamil','Ahmad','7720835078',NULL,17166,1,'BT14CSE035','2017-03-04',1,1),('sharmiladeva36@gmail.com','Deva','Sharmila','9049596530',NULL,17171,1,'BT14CSE022','2017-03-04',1,1),('poojabihani2802@gmail.com','Pooja','Bihani Dilip','9595882800',NULL,17180,1,'BT14CSE017','2017-03-04',1,1),('agagaurav96@gmail.com','Gaurav','Agarwal','8237570342','8237570342',17185,1,'BT14CSE029','2017-03-04',1,1),('lasyapriyakatkam1997@gmail.com','katkam','lasyapriya','702862577',NULL,17190,1,'BT14CSE040','2017-03-04',1,1),('pbs9948@gmail.com','Balasubrahmanyam','Pitchuka','7798425642','0000000000',17191,1,'BT14CSE063','2017-03-04',1,1),('shubham.r.patil7@gmail.com','Shubham','Rajaram Patil','7038684298',NULL,17210,1,'BT14CSE078','2017-03-04',1,1),('ameynakat11@gmail.com','Amey','Rajesh Nakat','8976090275',NULL,17211,1,'BT14CSE010','2017-03-04',1,1),('medapati.nikhil@gmail.com','Nikhil','Sai Chandra Reddy Medapati','8390541269',NULL,17217,1,'BT14CSE051','2017-03-04',1,1),('ipshitabhose@yahoo.in','Ipshita','Bhose','7710071088',NULL,17223,1,'BT14CSE015','2017-03-04',1,1),('kunalpatange1111@gmail.com','Kunal','Patange','9168161880',NULL,17228,1,'BT14CSE047','2017-03-04',1,1),('akankshaw70@gmail.com','Akanksha','Surendra Wasnik','7038052005',NULL,17236,1,'BT14CSE006','2017-03-04',1,1),('jainspoornima@gmail.com','Poornima','Jain','7083398858',NULL,17241,1,'BT14CSE098','2017-03-04',1,1),('csriteja.1110@gmail.com','Sri.Teja','Chamarthy','7387247600',NULL,17253,1,'BT14CSE082','2017-03-04',1,1),('aditi.bhiwaniwala@gmail.com','Aditi','Bhiwaniwala','9145540193',NULL,17255,1,'BT14CSE002','2017-03-04',1,1),('anaghavarhade@outllok.com','Anagha','Anant Varhade','9930561499',NULL,17263,1,'BT14CSE090','2017-03-04',1,1),('subhashchoudhari2013@gmail.com','Subhash','Choudhari','9325999269',NULL,17284,1,'BT14CSE020','2017-03-04',1,1),('rupalchauhan43@gmail.com','Rupal','Chauhan','7350519980',NULL,17293,1,'BT14CSE073','2017-03-04',1,1),('srisrujana203@gmail.com','Srujana','Kallepalli','7058304117',NULL,17306,1,'BT14CSE039','2017-03-04',1,1),('aghforensic007@gmail.com','Anand','Gautama Hadke','9158928536',NULL,17318,1,'BT14CSE012','2017-03-04',1,1),('shubham.saxena1396@gmail.com','Shubham','Saxena','7038243024',NULL,17319,1,'BT14CSE079','2017-03-04',1,1),('shrikantjhajhra@gmail.com','Shrikant','jhajhra','9561462106',NULL,17326,1,'BT14CSE077','2017-03-04',1,1),('jayeshsonawane2510@gmail.com','Jayesh','Prakash Sonawane','9421110067',NULL,17333,1,'BT14CSE036','2017-03-04',1,1),('tchavan8@gmail.com','Chavan','Tejas Shankarrao','7719049116',NULL,17339,1,'BT14CSE019','2017-03-04',1,1),('omkarzade96@gmail.com','Omkar','Zade','8698460467',NULL,17351,1,'BT14CSE096','2017-03-04',1,1),('gangurdeninad@gmail.com','Ninad','Narendra Gangurde','9823073530',NULL,17366,1,'BT14CSE027','2017-03-04',1,1),('richardpriyatham@gmail.com','Richard','Priyatham Turaka','7798465274',NULL,17369,1,'BT14CSE087','2017-03-04',1,1),('manojakhil635@gmail.com','manoj','Gogula','7720846251',NULL,17378,1,'BT14CSE031','2017-03-04',1,1),('wankar333@gmail.com','vaibhav','wankar','7083408804','7083408804',17387,1,'BT14CSE093','2017-03-04',1,1),('vrushabh270497@gmail.com','Vrushabh','Madavi','7350559071',NULL,17406,1,'BT14CSE092','2017-03-04',1,1),('kiransiripati@gmail.com','Sirupati','Kiran Kumar','7219577849',NULL,17408,1,'BT14CSE080','2017-03-04',1,1),('bhargavcb9@gmail.com','Nagarimadugu','Bhargav Thej Reddy','7057254162',NULL,17421,1,'BT14CSE055','2017-03-04',1,1),('spkforwork@gmail.com','Sudalagunta','Prasanna Kumar','8712359888',NULL,17461,1,'BT14CSE083','2017-03-04',1,1),('gopalzalke@gmail.com','Gopal','Zalke','9130924683',NULL,17481,1,'BT14CSE033','2017-03-04',1,1),('akhiladurgempudi@gmail.com','D.Akhila','Reddy','9172323464',NULL,17652,1,'BT14CSE025','2017-03-04',1,1),('raghuch1646@gmail.com','Sai','Raghuveer Chaparala','9403302320',NULL,17656,1,'BT14CSE018','2017-03-04',1,1),('rahulkhandelwal626.rk@gmail.com','Rahul','Khandelwal','7620906070',NULL,17664,1,'BT14CSE066','2017-03-04',1,1),('manas.krishna85@gmail.com','Maanas','Krishna Ravinuthala','7038507146',NULL,17673,1,'BT14CSE070','2017-03-04',1,1),('kondekarpalash@gmail.com','Palash','Vijay Kondekar','7709193993',NULL,17674,1,'BT14CSE043','2017-03-04',1,1),('neha.gadgil95@gmail.com','Neha','Gadgil','7720084887',NULL,17677,1,'BT14CSE026','2017-03-04',1,1),('rathihardik7@gmail.com','Hardik','Rajesh Rathi','9769328402',NULL,17679,1,'BT14CSE068','2017-03-04',1,1),('carpitrama@gmail.com','Arpitrama','Chatterjee','9028056519',NULL,17744,1,'BT14CSE097','2017-03-04',1,1),('sharvilnagarkar@gmail.com','Sharvil','Nagarkar','9172323140','9172323140',18300,1,'BT15CSE052','2017-06-23',1,1),('saurabhrathi1234@gmail.com','Saurabh','Rathi','8793042721','8793042721',18475,1,'BT15CSE066','2017-06-23',1,1),('atharva.parwatkar@gmail.com','Atharva','Parwatkar','9405908448','9405908448',19029,1,'BT15CSE015','2017-06-23',1,3);
/*!40000 ALTER TABLE `portalapp_personinformation` ENABLE KEYS */;
UNLOCK TABLES;

--
-- Table structure for table `portalapp_profile_type`
--

DROP TABLE IF EXISTS `portalapp_profile_type`;
/*!40101 SET @saved_cs_client     = @@character_set_client */;
/*!40101 SET character_set_client = utf8 */;
CREATE TABLE `portalapp_profile_type` (
  `id` int(11) NOT NULL AUTO_INCREMENT,
  `display_name` longtext NOT NULL,
  `description` longtext NOT NULL,
  PRIMARY KEY (`id`)
) ENGINE=InnoDB AUTO_INCREMENT=10 DEFAULT CHARSET=latin1;
/*!40101 SET character_set_client = @saved_cs_client */;

--
-- Dumping data for table `portalapp_profile_type`
--

LOCK TABLES `portalapp_profile_type` WRITE;
/*!40000 ALTER TABLE `portalapp_profile_type` DISABLE KEYS */;
INSERT INTO `portalapp_profile_type` VALUES (1,'IT Services','IT Services'),(2,'Sales','Sales'),(3,'Operations','Operations'),(4,'KPO','KPO'),(5,'ITES BPO','ITES BPO'),(6,'Core- Plant','Core- Plant'),(7,'IT Product','IT Product'),(8,'Core - R & D','Core - R & D'),(9,'Graduate Analysts','Graduate Analysts');
/*!40000 ALTER TABLE `portalapp_profile_type` ENABLE KEYS */;
UNLOCK TABLES;

--
-- Table structure for table `portalapp_requests`
--

DROP TABLE IF EXISTS `portalapp_requests`;
/*!40101 SET @saved_cs_client     = @@character_set_client */;
/*!40101 SET character_set_client = utf8 */;
CREATE TABLE `portalapp_requests` (
  `id` int(11) NOT NULL AUTO_INCREMENT,
  `session` longtext,
  `status` int(11) NOT NULL,
  `company_id_id` int(11) DEFAULT NULL,
  `intern_exp_id_id` int(11) DEFAULT NULL,
  `job_exp_id_id` int(11) DEFAULT NULL,
  PRIMARY KEY (`id`),
  KEY `por_company_id_id_3c60a42d186b5f5d_fk_portalapp_company_table_id` (`company_id_id`),
  KEY `D432c2ef579840ce60f33cff94fbf501` (`intern_exp_id_id`),
  KEY `D71a7745ebf9c86bb7f3b2b03883d4a3` (`job_exp_id_id`),
  CONSTRAINT `D432c2ef579840ce60f33cff94fbf501` FOREIGN KEY (`intern_exp_id_id`) REFERENCES `portalapp_experience_internship` (`id`),
  CONSTRAINT `D71a7745ebf9c86bb7f3b2b03883d4a3` FOREIGN KEY (`job_exp_id_id`) REFERENCES `portalapp_experience_placement` (`id`),
  CONSTRAINT `por_company_id_id_3c60a42d186b5f5d_fk_portalapp_company_table_id` FOREIGN KEY (`company_id_id`) REFERENCES `portalapp_company_table` (`id`)
) ENGINE=InnoDB AUTO_INCREMENT=26 DEFAULT CHARSET=latin1;
/*!40101 SET character_set_client = @saved_cs_client */;

--
-- Dumping data for table `portalapp_requests`
--

LOCK TABLES `portalapp_requests` WRITE;
/*!40000 ALTER TABLE `portalapp_requests` DISABLE KEYS */;
INSERT INTO `portalapp_requests` VALUES (2,'2016-17',1,170,2,NULL),(3,'2015-16',1,139,3,NULL),(4,'2015-16',1,111,4,NULL),(5,'2015-16',1,98,5,NULL),(6,'2015-16',1,142,6,NULL),(7,'2015-16',1,142,NULL,5),(8,'2016-17',1,118,NULL,6),(9,'2016-17',1,98,NULL,7),(10,'2016-17',1,149,NULL,8),(11,'2016-17',0,111,7,NULL),(12,'2016-17',1,116,NULL,10),(13,'2016-17',1,104,NULL,11),(14,'2016-17',1,134,9,NULL),(15,'2016-17',1,116,NULL,12),(16,'2016-17',1,160,NULL,13);
/*!40000 ALTER TABLE `portalapp_requests` ENABLE KEYS */;
UNLOCK TABLES;

--
-- Table structure for table `portalapp_roles`
--

DROP TABLE IF EXISTS `portalapp_roles`;
/*!40101 SET @saved_cs_client     = @@character_set_client */;
/*!40101 SET character_set_client = utf8 */;
CREATE TABLE `portalapp_roles` (
  `role_id` int(11) NOT NULL AUTO_INCREMENT,
  `short_name` longtext,
  `long_name` longtext,
  `display_name` longtext,
  PRIMARY KEY (`role_id`)
) ENGINE=InnoDB AUTO_INCREMENT=4 DEFAULT CHARSET=latin1;
/*!40101 SET character_set_client = @saved_cs_client */;

--
-- Dumping data for table `portalapp_roles`
--

LOCK TABLES `portalapp_roles` WRITE;
/*!40000 ALTER TABLE `portalapp_roles` DISABLE KEYS */;
INSERT INTO `portalapp_roles` VALUES (1,'Student','Student','Student'),(2,'TNP Head','TNP Head','TNP Head'),(3,'Admin','Admin','Admin');
/*!40000 ALTER TABLE `portalapp_roles` ENABLE KEYS */;
UNLOCK TABLES;

--
-- Table structure for table `portalapp_session`
--

DROP TABLE IF EXISTS `portalapp_session`;
/*!40101 SET @saved_cs_client     = @@character_set_client */;
/*!40101 SET character_set_client = utf8 */;
CREATE TABLE `portalapp_session` (
  `id` int(11) NOT NULL AUTO_INCREMENT,
  `display_name` longtext NOT NULL,
  `description` longtext NOT NULL,
  PRIMARY KEY (`id`)
) ENGINE=InnoDB DEFAULT CHARSET=latin1;
/*!40101 SET character_set_client = @saved_cs_client */;

--
-- Dumping data for table `portalapp_session`
--

LOCK TABLES `portalapp_session` WRITE;
/*!40000 ALTER TABLE `portalapp_session` DISABLE KEYS */;
/*!40000 ALTER TABLE `portalapp_session` ENABLE KEYS */;
UNLOCK TABLES;
/*!40103 SET TIME_ZONE=@OLD_TIME_ZONE */;

/*!40101 SET SQL_MODE=@OLD_SQL_MODE */;
/*!40014 SET FOREIGN_KEY_CHECKS=@OLD_FOREIGN_KEY_CHECKS */;
/*!40014 SET UNIQUE_CHECKS=@OLD_UNIQUE_CHECKS */;
/*!40101 SET CHARACTER_SET_CLIENT=@OLD_CHARACTER_SET_CLIENT */;
/*!40101 SET CHARACTER_SET_RESULTS=@OLD_CHARACTER_SET_RESULTS */;
/*!40101 SET COLLATION_CONNECTION=@OLD_COLLATION_CONNECTION */;
/*!40111 SET SQL_NOTES=@OLD_SQL_NOTES */;

-- Dump completed on 2017-07-10 14:40:13
